symbol,entry_time,entry_price,exit_time,exit_price,qty,side,strategy,classification,signal_tags
c157c37c-ae3b-43c8-b886-c4b660054a14,2025-07-17T18:10:26.139071+00:00,MSFT,buy,22,512.2,,"{'status': <OrderStatus.FILLED: 'filled'>, 'mode': 'LIVE'}",
65cee2b6-2077-435d-bb68-b3e9fde81cfe,2025-07-17T18:10:41.122790+00:00,AMZN,buy,33,223.91,,"{'status': <OrderStatus.FILLED: 'filled'>, 'mode': 'LIVE'}",
52e68f35-6746-4234-983a-505d6f95a82d,2025-07-17T18:36:03.619906+00:00,GOOGL,buy,61,183.431803,,"{'status': <OrderStatus.FILLED: 'filled'>, 'mode': 'LIVE'}",
a6fe520d-ba54-4ca2-a91d-082dab41626e,2025-07-17T18:36:09.476596+00:00,AMZN,buy,17,223.81,,"{'status': <OrderStatus.FILLED: 'filled'>, 'mode': 'LIVE'}",
32bbdb3a-7781-4f33-b503-af3d6144aa65,2025-07-17T18:36:16.147964+00:00,TSLA,buy,34,319.322353,,"{'status': <OrderStatus.FILLED: 'filled'>, 'mode': 'LIVE'}",
e1a6b791-f4c9-45f3-8863-7ac2945bd4b6,2025-07-17T18:37:37.014476+00:00,TSLA,buy,62,319.573871,,"{'status': <OrderStatus.FILLED: 'filled'>, 'mode': 'LIVE'}",
c95cee75-5f35-4c42-bf79-22d8afa0e541,2025-07-17T18:38:34.551884+00:00,GOOGL,buy,76,183.63,,"{'status': <OrderStatus.FILLED: 'filled'>, 'mode': 'LIVE'}",
852e9227-487e-4c0f-8bcd-28fce25df926,2025-07-17T18:39:12.909823+00:00,TSLA,buy,117,319.69,,"{'status': <OrderStatus.FILLED: 'filled'>, 'mode': 'LIVE'}",
bb436d81-988f-4045-a09e-6f97f27b70b0,2025-07-17T18:39:19.823601+00:00,MSFT,buy,27,512.0,,"{'status': <OrderStatus.FILLED: 'filled'>, 'mode': 'LIVE'}",
6293e63c-bf7f-4a70-b403-4b2b1021759e,2025-07-17T18:40:54.297002+00:00,TSLA,buy,120,319.66,,"{'status': <OrderStatus.FILLED: 'filled'>, 'mode': 'LIVE'}",
c20d6dd8-276d-4037-b81b-e79a7d25f952,2025-07-17T18:41:16.148132+00:00,AMZN,buy,19,223.93,,"{'status': <OrderStatus.FILLED: 'filled'>, 'mode': 'LIVE'}",
122a0609-5c09-4a9a-827b-c0f736a2268a,2025-07-17T18:43:09.973823+00:00,GOOGL,buy,71,183.6,,"{'status': <OrderStatus.FILLED: 'filled'>, 'mode': 'LIVE'}",
436c37ec-46fb-4645-ad9f-ac49ff7bee03,2025-07-17T18:44:53.806419+00:00,TSLA,buy,137,319.62,,"{'status': <OrderStatus.FILLED: 'filled'>, 'mode': 'LIVE'}",
cd98bfe0-478c-467a-9fd2-44bfdd586cad,2025-07-17T18:45:08.990961+00:00,GOOGL,buy,73,183.67,,"{'status': <OrderStatus.FILLED: 'filled'>, 'mode': 'LIVE'}",
3a5268ee-8c00-4200-abaa-c4f25582e81e,2025-07-17T18:45:15.548198+00:00,AMZN,buy,35,223.84,,"{'status': <OrderStatus.FILLED: 'filled'>, 'mode': 'LIVE'}",
15c2e49a-3aeb-4f45-93fc-ff6fd2f20d3f,2025-07-17T18:47:01.951547+00:00,MSFT,buy,65,511.92,,"{'status': <OrderStatus.FILLED: 'filled'>, 'mode': 'LIVE'}",
62f43e61-1676-4def-a41e-d49b7f2045fa,2025-07-17T18:47:08.700743+00:00,GOOGL,buy,111,183.61,,"{'status': <OrderStatus.FILLED: 'filled'>, 'mode': 'LIVE'}",
535ad429-8a11-4b74-af5b-8aabc25f8870,2025-07-17T18:48:54.190306+00:00,TSLA,buy,150,319.33,,"{'status': <OrderStatus.FILLED: 'filled'>, 'mode': 'LIVE'}",
a02767cd-1a21-4ea5-bf3d-1328c9435f4a,2025-07-17T18:49:01.571395+00:00,MSFT,buy,21,511.85,,"{'status': <OrderStatus.FILLED: 'filled'>, 'mode': 'LIVE'}",
b63d6d60-e809-486d-8258-c79d5338b930,2025-07-17T18:49:08.124022+00:00,GOOGL,buy,213,183.575915,,"{'status': <OrderStatus.FILLED: 'filled'>, 'mode': 'LIVE'}",
1fd6a9ba-8ba4-4f53-8139-a46132a6c2b3,2025-07-17T18:51:02.479564+00:00,MSFT,buy,47,511.9,,"{'status': <OrderStatus.FILLED: 'filled'>, 'mode': 'LIVE'}",
d936bf6d-39c6-40ed-aec6-85a221baf1ce,2025-07-17T18:51:16.857227+00:00,AMZN,buy,76,223.7,,"{'status': <OrderStatus.FILLED: 'filled'>, 'mode': 'LIVE'}",
cd996053-bc80-4653-9804-c577078dda11,2025-07-17T18:52:53.759699+00:00,TSLA,buy,127,318.89,,"{'status': <OrderStatus.FILLED: 'filled'>, 'mode': 'LIVE'}",
236bc895-e2ed-4b9a-97cc-f69dd3284448,2025-07-17T18:53:00.867943+00:00,MSFT,buy,102,511.77,,"{'status': <OrderStatus.FILLED: 'filled'>, 'mode': 'LIVE'}",
4f871e3f-c38d-4005-acf2-7b0502146999,2025-07-17T18:54:53.494166+00:00,TSLA,buy,48,319.03,,"{'status': <OrderStatus.FILLED: 'filled'>, 'mode': 'LIVE'}",
aac1156b-031d-4719-a52b-202b3574cb36,2025-07-17T18:56:53.848914+00:00,TSLA,buy,51,319.0,,"{'status': <OrderStatus.FILLED: 'filled'>, 'mode': 'LIVE'}",
9a04e5f5-5686-472c-9992-cac3543ad522,2025-07-17T18:57:00.625704+00:00,MSFT,buy,117,511.86,,"{'status': <OrderStatus.FILLED: 'filled'>, 'mode': 'LIVE'}",
da0facbb-277a-4bcd-b265-501f7a780892,2025-07-17T18:59:00.813350+00:00,MSFT,buy,108,511.71,,"{'status': <OrderStatus.FILLED: 'filled'>, 'mode': 'LIVE'}",
0669fe16-2de7-4eb1-aa8a-cc9625e5d260,2025-07-17T19:01:01.671407+00:00,MSFT,buy,70,511.77,,"{'status': <OrderStatus.FILLED: 'filled'>, 'mode': 'LIVE'}",
e22309d6-1491-4a11-8489-39c6690523f2,2025-07-17T19:02:54.004812+00:00,TSLA,buy,43,319.18,,"{'status': <OrderStatus.FILLED: 'filled'>, 'mode': 'LIVE'}",
85e1a9a9-a07d-4878-97fc-0e566c92b5fe,2025-07-17T19:03:08.833931+00:00,GOOGL,buy,286,183.64,,"{'status': <OrderStatus.FILLED: 'filled'>, 'mode': 'LIVE'}",
e99a8e1d-a115-46dd-8ba5-85d8a3ae5239,2025-07-17T19:04:54.528454+00:00,TSLA,buy,86,319.34,,"{'status': <OrderStatus.FILLED: 'filled'>, 'mode': 'LIVE'}",
03ed77e5-e4ab-451b-9b0d-575ac721de6e,2025-07-17T19:05:01.307603+00:00,MSFT,buy,41,512.04,,"{'status': <OrderStatus.FILLED: 'filled'>, 'mode': 'LIVE'}",
5e4e9b7b-7178-4d3a-824f-090fd1a9004c,2025-07-17T19:05:07.969980+00:00,GOOGL,buy,296,183.74,,"{'status': <OrderStatus.FILLED: 'filled'>, 'mode': 'LIVE'}",
b07389fe-b0b3-47b5-9f5f-7fb455f02a26,2025-07-17T19:06:54.078919+00:00,TSLA,buy,193,319.47,,"{'status': <OrderStatus.FILLED: 'filled'>, 'mode': 'LIVE'}",
792d90ef-a466-4859-9b50-dfb69b538f89,2025-07-17T19:07:00.827309+00:00,MSFT,buy,36,512.0,,"{'status': <OrderStatus.FILLED: 'filled'>, 'mode': 'LIVE'}",
6f424fde-6b8b-4ec3-a1a8-e56e5b7046ed,2025-07-17T19:08:53.936038+00:00,TSLA,buy,97,318.9,,"{'status': <OrderStatus.FILLED: 'filled'>, 'mode': 'LIVE'}",
12243408-56a1-432a-89e6-6ed84be86fbd,2025-07-17T19:09:08.937542+00:00,GOOGL,buy,116,183.75,,"{'status': <OrderStatus.FILLED: 'filled'>, 'mode': 'LIVE'}",
2711d31e-b023-4d7d-ace3-3a6b18526aef,2025-07-17T19:09:16.173960+00:00,AMZN,buy,84,223.790357,,"{'status': <OrderStatus.FILLED: 'filled'>, 'mode': 'LIVE'}",
de574330-8dc1-4c67-a0ac-4f54a9a10954,2025-07-17T19:11:02.054580+00:00,MSFT,buy,56,512.1,,"{'status': <OrderStatus.FILLED: 'filled'>, 'mode': 'LIVE'}",
7303ffdb-f2c2-495f-895e-9a76028e720b,2025-07-17T19:11:16.869545+00:00,AMZN,buy,121,223.83,,"{'status': <OrderStatus.FILLED: 'filled'>, 'mode': 'LIVE'}",
08e5de9d-0c34-4987-a0cf-3bd1a3bca224,2025-07-17T19:13:11.561000+00:00,GOOGL,buy,97,183.74,,"{'status': <OrderStatus.FILLED: 'filled'>, 'mode': 'LIVE'}",
e1713ee3-ef67-462c-a41b-462853fd8ced,2025-07-17T19:13:13.036317+00:00,GOOGL,buy,97,183.73,,"{'status': <OrderStatus.FILLED: 'filled'>, 'mode': 'LIVE'}",
cd1e2668-7568-4f7e-bce4-91b5afed0b1e,2025-07-17T19:14:54.188127+00:00,TSLA,buy,71,318.584507,,"{'status': <OrderStatus.FILLED: 'filled'>, 'mode': 'LIVE'}",
a33129aa-92ac-438e-bdaa-d92c6725e58b,2025-07-17T19:15:01.214618+00:00,MSFT,buy,138,512.02,,"{'status': <OrderStatus.FILLED: 'filled'>, 'mode': 'LIVE'}",
c35b337f-8bc2-4368-84be-2aadc0b1b491,2025-07-17T19:16:54.500455+00:00,TSLA,buy,13,318.65,,"{'status': <OrderStatus.FILLED: 'filled'>, 'mode': 'LIVE'}",
cd24628e-e5f9-455a-a955-08000fb66c36,2025-07-17T19:17:00.824614+00:00,MSFT,buy,60,512.08,,"{'status': <OrderStatus.FILLED: 'filled'>, 'mode': 'LIVE'}",
c92787ef-6825-4ee4-829b-1b2c38ea1732,2025-07-17T19:17:07.643631+00:00,GOOGL,buy,39,183.81,,"{'status': <OrderStatus.FILLED: 'filled'>, 'mode': 'LIVE'}",
9aeda67e-48d7-4f74-ae72-04abd2a7e414,2025-07-17T19:17:14.556570+00:00,AMZN,buy,147,223.85,,"{'status': <OrderStatus.FILLED: 'filled'>, 'mode': 'LIVE'}",
d08829ba-44ae-4cb4-8635-bb1d5c2b5031,2025-07-17T19:18:54.713878+00:00,TSLA,buy,10,318.8,,"{'status': <OrderStatus.FILLED: 'filled'>, 'mode': 'LIVE'}",
8699c07f-8c71-4431-ac93-a19934adf1b8,2025-07-17T19:19:09.432631+00:00,GOOGL,buy,136,183.95,,"{'status': <OrderStatus.FILLED: 'filled'>, 'mode': 'LIVE'}",
7db26910-5a78-406a-b6d5-9a716ba82daf,2025-07-17T19:19:16.249632+00:00,AMZN,buy,230,223.82,,"{'status': <OrderStatus.FILLED: 'filled'>, 'mode': 'LIVE'}",
398d98b5-5f2c-44ea-a4b4-bb528f5089ce,2025-07-17T19:20:54.474019+00:00,TSLA,buy,72,318.69,,"{'status': <OrderStatus.FILLED: 'filled'>, 'mode': 'LIVE'}",
e336ec95-6f05-47a4-b0da-e14908f5adaa,2025-07-17T19:21:09.109461+00:00,GOOGL,buy,84,183.73,,"{'status': <OrderStatus.FILLED: 'filled'>, 'mode': 'LIVE'}",
e5b4af3e-fdae-483f-b6b5-d0ef92ff851a,2025-07-17T19:22:54.532326+00:00,TSLA,buy,70,319.13,,"{'status': <OrderStatus.FILLED: 'filled'>, 'mode': 'LIVE'}",
91a70e07-424f-4b60-8d4d-3a44a493f7e7,2025-07-17T19:23:01.465872+00:00,MSFT,buy,76,512.13,,"{'status': <OrderStatus.FILLED: 'filled'>, 'mode': 'LIVE'}",
f48539c3-f146-41a5-92ba-57509d0442d2,2025-07-17T19:23:08.458055+00:00,GOOGL,buy,216,183.86,,"{'status': <OrderStatus.FILLED: 'filled'>, 'mode': 'LIVE'}",
843d2627-b2c8-459d-b91a-7cacffb7d1e0,2025-07-17T19:25:09.100724+00:00,GOOGL,buy,315,183.91,,"{'status': <OrderStatus.FILLED: 'filled'>, 'mode': 'LIVE'}",
273941ad-1a98-441d-b62a-95d5cb49a19d,2025-07-17T19:26:54.466862+00:00,TSLA,buy,85,318.71,,"{'status': <OrderStatus.FILLED: 'filled'>, 'mode': 'LIVE'}",
cd9b1695-03c1-42de-b175-c3147be7c50f,2025-07-17T19:27:01.129058+00:00,MSFT,buy,71,512.11,,"{'status': <OrderStatus.FILLED: 'filled'>, 'mode': 'LIVE'}",
39e71e5f-1131-4e5b-9304-b6ffeed497a9,2025-07-17T19:27:07.945374+00:00,GOOGL,buy,152,184.0,,"{'status': <OrderStatus.FILLED: 'filled'>, 'mode': 'LIVE'}",
5ea7a0f8-9525-4bda-96cc-1ccdffc0172b,2025-07-17T19:28:54.391223+00:00,TSLA,buy,64,318.68,,"{'status': <OrderStatus.FILLED: 'filled'>, 'mode': 'LIVE'}",
aa99cf27-196c-4ed6-b74e-0f0ad525e585,2025-07-17T19:31:02.585143+00:00,MSFT,buy,115,512.27,,"{'status': <OrderStatus.FILLED: 'filled'>, 'mode': 'LIVE'}",
7eb01f13-b05e-4513-99bf-04c133d49609,2025-07-17T19:33:50.895911+00:00,GOOGL,buy,61,183.9,,"{'status': <OrderStatus.FILLED: 'filled'>, 'mode': 'LIVE'}",
3c724e2e-ea6a-4304-9ad8-786b4fcd4fdd,2025-07-17T19:33:56.720225+00:00,AMZN,buy,50,224.35,,"{'status': <OrderStatus.FILLED: 'filled'>, 'mode': 'LIVE'}",
c58ed011-58d7-4308-811f-03e6079bd3ef,2025-07-17T19:34:02.877382+00:00,TSLA,buy,34,318.88,,"{'status': <OrderStatus.FILLED: 'filled'>, 'mode': 'LIVE'}",
9f314459-25a0-47fa-81a1-0f05bbb12e75,2025-07-17T19:35:10.334908+00:00,MSFT,buy,6,512.21,,"{'status': <OrderStatus.FILLED: 'filled'>, 'mode': 'LIVE'}",
e9b23624-9c90-4a9d-a31c-26c26ccf02bc,2025-07-17T19:35:16.627932+00:00,GOOGL,buy,23,183.942609,,"{'status': <OrderStatus.FILLED: 'filled'>, 'mode': 'LIVE'}",
b4d88949-363f-47b0-9453-1c6e38983ee3,2025-07-17T19:35:23.310797+00:00,AMZN,buy,48,224.37,,"{'status': <OrderStatus.FILLED: 'filled'>, 'mode': 'LIVE'}",
b9269143-4edf-481e-9d80-0774b8997f0b,2025-07-17T19:36:48.151965+00:00,MSFT,buy,14,512.15,,"{'status': <OrderStatus.FILLED: 'filled'>, 'mode': 'LIVE'}",
80cb7773-be83-4fc5-9aaa-65e8cb2e8962,2025-07-17T19:36:54.493263+00:00,GOOGL,buy,50,183.93,,"{'status': <OrderStatus.FILLED: 'filled'>, 'mode': 'LIVE'}",
512e3a68-8a13-4728-b844-dca1c34b05ed,2025-07-17T19:38:40.626324+00:00,TSLA,buy,119,319.47,,"{'status': <OrderStatus.FILLED: 'filled'>, 'mode': 'LIVE'}",
efb9598d-9991-4558-93e8-acbe65caa2d9,2025-07-17T19:38:54.731376+00:00,GOOGL,buy,91,183.91,,"{'status': <OrderStatus.FILLED: 'filled'>, 'mode': 'LIVE'}",
3654490e-79b6-45cc-8de4-a485cd19d90c,2025-07-17T19:39:01.185077+00:00,AMZN,buy,208,224.34,,"{'status': <OrderStatus.FILLED: 'filled'>, 'mode': 'LIVE'}",
e941f624-1dbc-4d26-907a-55a8c6a1f144,2025-07-17T19:40:40.470280+00:00,TSLA,buy,90,319.558556,,"{'status': <OrderStatus.FILLED: 'filled'>, 'mode': 'LIVE'}",
3af56e3f-946b-430a-93a2-d43e1db09123,2025-07-17T19:40:47.173761+00:00,MSFT,buy,95,512.19,,"{'status': <OrderStatus.FILLED: 'filled'>, 'mode': 'LIVE'}",
5f9a0585-794a-4361-9b46-48b114ddbba4,2025-07-17T19:40:53.892233+00:00,GOOGL,buy,66,183.94,,"{'status': <OrderStatus.FILLED: 'filled'>, 'mode': 'LIVE'}",
e9731af0-054f-49c6-be2c-b12a1e4290a3,2025-07-17T19:42:48.402075+00:00,MSFT,buy,204,511.93,,"{'status': <OrderStatus.FILLED: 'filled'>, 'mode': 'LIVE'}",
f1ffe5f2-f82a-4036-8565-4289d0d5e9d9,2025-07-17T19:44:40.474755+00:00,TSLA,buy,61,318.99,,"{'status': <OrderStatus.FILLED: 'filled'>, 'mode': 'LIVE'}",
b193e6b2-e984-4bdd-a41d-a0aa7ea71763,2025-07-17T19:44:47.424078+00:00,MSFT,buy,101,512.060495,,"{'status': <OrderStatus.FILLED: 'filled'>, 'mode': 'LIVE'}",
0784e7c5-cb37-468d-9888-bebd605e3ab9,2025-07-17T19:46:40.503481+00:00,TSLA,buy,88,319.19,,"{'status': <OrderStatus.FILLED: 'filled'>, 'mode': 'LIVE'}",
0e02acdc-fb0c-42e5-bf80-a6d1813b9dd5,2025-07-17T19:48:41.088821+00:00,TSLA,buy,22,319.19,,"{'status': <OrderStatus.FILLED: 'filled'>, 'mode': 'LIVE'}",
3321daa8-05b0-4a4c-b017-6066a1fa1cd7,2025-07-17T19:48:47.859395+00:00,MSFT,buy,227,512.1,,"{'status': <OrderStatus.FILLED: 'filled'>, 'mode': 'LIVE'}",
d067cfd0-d0d4-4a21-af96-82cf1c5f678c,2025-07-17T19:50:40.580482+00:00,TSLA,buy,40,319.17,,"{'status': <OrderStatus.FILLED: 'filled'>, 'mode': 'LIVE'}",
e172c921-4d84-4219-a27a-1a5f25482b77,2025-07-17T19:51:29.175294+00:00,MSFT,buy,22,511.98,,"{'status': <OrderStatus.FILLED: 'filled'>, 'mode': 'LIVE'}",
3ea06820-fbb9-45bc-a527-1e0495f0fb46,2025-07-17T19:51:35.694230+00:00,GOOGL,buy,61,183.74,,"{'status': <OrderStatus.FILLED: 'filled'>, 'mode': 'LIVE'}",
7c279574-a130-4beb-9147-6f9145c8b55b,2025-07-17T19:51:41.632534+00:00,AMZN,buy,50,224.2,,"{'status': <OrderStatus.FILLED: 'filled'>, 'mode': 'LIVE'}",
86a67256-dce3-4dfa-8398-293442dcf0ce,2025-07-17T19:51:47.741266+00:00,TSLA,buy,34,319.12,,"{'status': <OrderStatus.FILLED: 'filled'>, 'mode': 'LIVE'}",
4ee3e7e2-0f47-4c9c-a920-cbaf6ea84d4f,2025-07-17T19:52:47.080156+00:00,TSLA,buy,27,319.11,,"{'status': <OrderStatus.FILLED: 'filled'>, 'mode': 'LIVE'}",
a38bb1e3-6607-4c55-b776-c088e603e573,2025-07-17T19:54:45.738340+00:00,MSFT,buy,22,512.52,,"{'status': <OrderStatus.FILLED: 'filled'>, 'mode': 'LIVE'}",
6780db7b-f7cf-4c00-b471-acaf0170f709,2025-07-17T19:54:52.262383+00:00,GOOGL,buy,61,183.79,,"{'status': <OrderStatus.FILLED: 'filled'>, 'mode': 'LIVE'}",
da0b3e9a-fa07-4add-971b-05e3bc2947b9,2025-07-17T19:54:58.177330+00:00,AMZN,buy,50,224.2,,"{'status': <OrderStatus.FILLED: 'filled'>, 'mode': 'LIVE'}",
65e28640-6cfb-4332-84a4-c2bce7e5789c,2025-07-17T19:56:10.247362+00:00,TSLA,buy,64,318.88,,"{'status': <OrderStatus.FILLED: 'filled'>, 'mode': 'LIVE'}",
9ccfe346-7ef4-4d36-b09a-9826aec13a32,2025-07-17T19:56:16.526801+00:00,GOOGL,buy,90,183.589889,,"{'status': <OrderStatus.FILLED: 'filled'>, 'mode': 'LIVE'}",
5defe40c-7eb8-4942-b4ae-d2c8ecd1c8cc,2025-07-17T19:57:49.175142+00:00,TSLA,buy,128,319.23,,"{'status': <OrderStatus.FILLED: 'filled'>, 'mode': 'LIVE'}",
e25961d9-075b-48ec-8d42-1226ba4ae219,2025-07-17T19:59:11.518932+00:00,TSLA,sell,9,319.07,,"{'status': <OrderStatus.FILLED: 'filled'>, 'mode': 'LIVE'}",
4d757447-03ca-4543-8cd8-f608087f28c7,2025-07-17T19:59:19.926808+00:00,MSFT,buy,29,511.83,,"{'status': <OrderStatus.FILLED: 'filled'>, 'mode': 'LIVE'}",
30a016e1-2e74-49b7-9e57-0db80f696d55,2025-07-18T15:26:56.158328+00:00,MSFT,buy,21,510.42,,"{'status': <OrderStatus.FILLED: 'filled'>, 'mode': 'LIVE'}",
49dc8b44-8af9-4922-adb4-8b9e288a77d3,2025-07-18T15:27:02.757240+00:00,GOOGL,buy,60,184.49,,"{'status': <OrderStatus.FILLED: 'filled'>, 'mode': 'LIVE'}",
c4c771c3-6222-405a-b098-f2d9b9f4f270,2025-07-18T15:27:16.205117+00:00,TSLA,buy,34,327.31,,"{'status': <OrderStatus.FILLED: 'filled'>, 'mode': 'LIVE'}",
ce5afded-ff1e-458b-9a6d-b22218a9de6c,2025-07-18T15:28:15.790003+00:00,TSLA,buy,9,327.4,,"{'status': <OrderStatus.FILLED: 'filled'>, 'mode': 'LIVE'}",
f990573d-7e28-424c-bc48-db5f94144755,2025-07-18T15:28:22.006238+00:00,GOOGL,buy,35,184.691429,,"{'status': <OrderStatus.FILLED: 'filled'>, 'mode': 'LIVE'}",
03f6128e-418f-46cb-bae7-3531cb6516f5,2025-07-18T15:29:54.219586+00:00,TSLA,buy,34,327.29,,"{'status': <OrderStatus.FILLED: 'filled'>, 'mode': 'LIVE'}",
31353b8f-12c1-4bed-8cc0-92c8e9af07f9,2025-07-18T15:30:15.997987+00:00,MSFT,buy,36,510.42,,"{'status': <OrderStatus.FILLED: 'filled'>, 'mode': 'LIVE'}",
4c0d0afd-e5d2-4a87-989a-4ca86d7d124e,2025-07-18T15:30:59.939371+00:00,MSFT,buy,36,510.43,,"{'status': <OrderStatus.FILLED: 'filled'>, 'mode': 'LIVE'}",
20ee5708-b141-4f0b-b66e-8a1a363f6042,2025-07-18T15:31:09.847070+00:00,TSLA,buy,111,327.45,,"{'status': <OrderStatus.FILLED: 'filled'>, 'mode': 'LIVE'}",
47c5466b-8538-406a-a521-d47f099ff6df,2025-07-18T15:32:01.231711+00:00,TSLA,buy,45,327.9,,"{'status': <OrderStatus.FILLED: 'filled'>, 'mode': 'LIVE'}",
35838f6f-73fe-454c-b046-1cb3133c1b60,2025-07-18T15:32:07.765743+00:00,MSFT,buy,59,510.54,,"{'status': <OrderStatus.FILLED: 'filled'>, 'mode': 'LIVE'}",
c6575172-2f80-42e2-8a2a-bab8560bbb26,2025-07-18T15:33:00.026610+00:00,TSLA,buy,69,328.09,,"{'status': <OrderStatus.FILLED: 'filled'>, 'mode': 'LIVE'}",
e7f9f665-37c7-4a84-bc6f-3ca2a8903471,2025-07-18T15:33:06.445585+00:00,MSFT,buy,67,510.56,,"{'status': <OrderStatus.FILLED: 'filled'>, 'mode': 'LIVE'}",
b777a643-fd30-47b5-93bc-a9a2c1a8cbe8,2025-07-18T17:19:27.385051+00:00,MSFT,buy,21,510.86619,,"{'status': <OrderStatus.FILLED: 'filled'>, 'mode': 'LIVE'}",
bb448bdd-2e1c-49e9-822c-4fd87bce2d04,2025-07-18T17:19:33.874798+00:00,GOOGL,buy,43,185.13,,"{'status': <OrderStatus.FILLED: 'filled'>, 'mode': 'LIVE'}",
ba99ceaa-d3b5-46a1-8818-961da456069a,2025-07-18T17:19:39.966713+00:00,AMZN,buy,49,225.933265,,"{'status': <OrderStatus.FILLED: 'filled'>, 'mode': 'LIVE'}",
ea6fe016-8900-488b-bfa4-5bc608a2f36b,2025-07-18T17:19:46.073377+00:00,TSLA,buy,34,326.34,,"{'status': <OrderStatus.FILLED: 'filled'>, 'mode': 'LIVE'}",
36f1c8e5-d6dc-47ca-9baf-bc29d8908269,2025-07-18T17:20:45.885768+00:00,TSLA,buy,24,326.5,,"{'status': <OrderStatus.FILLED: 'filled'>, 'mode': 'LIVE'}",
0eb0a8ab-c06f-4605-82b0-f20e9b2039a2,2025-07-18T17:20:52.098644+00:00,GOOGL,buy,8,185.22,,"{'status': <OrderStatus.FILLED: 'filled'>, 'mode': 'LIVE'}",
fb1f190d-bee2-4f27-bab6-5fccff659134,2025-07-18T17:20:58.182806+00:00,AMZN,buy,46,225.95,,"{'status': <OrderStatus.FILLED: 'filled'>, 'mode': 'LIVE'}",
6eb414eb-7aeb-4802-a7d2-72853417f9ad,2025-07-18T17:22:24.438668+00:00,TSLA,buy,40,326.38,,"{'status': <OrderStatus.FILLED: 'filled'>, 'mode': 'LIVE'}",
d62d015c-0a3c-4032-82a4-5df1428a68a1,2025-07-18T17:22:30.851011+00:00,GOOGL,buy,16,185.29125,,"{'status': <OrderStatus.FILLED: 'filled'>, 'mode': 'LIVE'}",
9bc29f10-7cd7-4a13-b513-c4a70687d630,2025-07-18T17:22:37.389573+00:00,AMZN,buy,100,225.87,,"{'status': <OrderStatus.FILLED: 'filled'>, 'mode': 'LIVE'}",
7feab38c-a4e6-4e0c-8e1d-1b539c6cd761,2025-07-18T17:22:51.046685+00:00,MSFT,buy,23,510.91,,"{'status': <OrderStatus.FILLED: 'filled'>, 'mode': 'LIVE'}",
8fddc413-eb23-4324-a3f7-9a39363f327d,2025-07-18T17:40:56.608408+00:00,MSFT,buy,21,511.03,,"{'status': <OrderStatus.FILLED: 'filled'>, 'mode': 'LIVE'}",
d21de3f9-a6bc-40ef-bd6a-1bd0b54a2bbc,2025-07-18T17:41:03.111894+00:00,GOOGL,buy,47,185.19,,"{'status': <OrderStatus.FILLED: 'filled'>, 'mode': 'LIVE'}",
92353c02-f474-4abe-8541-f65fb5a2f382,2025-07-18T17:41:17.109773+00:00,TSLA,buy,34,327.67,,"{'status': <OrderStatus.FILLED: 'filled'>, 'mode': 'LIVE'}",
124c7a09-c02f-4f57-81dd-51cc5418630b,2025-07-18T17:42:16.276438+00:00,TSLA,buy,39,327.521795,,"{'status': <OrderStatus.FILLED: 'filled'>, 'mode': 'LIVE'}",
fcff13af-e547-4cbd-9bad-c36978f56428,2025-07-18T17:42:22.571067+00:00,MSFT,buy,10,511.02,,"{'status': <OrderStatus.FILLED: 'filled'>, 'mode': 'LIVE'}",
391c0ccf-5a08-4433-91ab-36cca7616f7c,2025-07-18T17:42:29.045921+00:00,GOOGL,buy,14,185.27,,"{'status': <OrderStatus.FILLED: 'filled'>, 'mode': 'LIVE'}",
f41e119b-2355-4c87-ae2c-a38306f5bb51,2025-07-18T17:42:36.227247+00:00,AMZN,buy,24,225.71,,"{'status': <OrderStatus.FILLED: 'filled'>, 'mode': 'LIVE'}",
0c98a092-cb16-4fe1-928b-32b30d0984f4,2025-07-18T17:43:54.460224+00:00,TSLA,buy,118,327.83,,"{'status': <OrderStatus.FILLED: 'filled'>, 'mode': 'LIVE'}",
cd8f2ba7-549a-4943-9f48-f73933f44083,2025-07-18T17:44:00.829409+00:00,MSFT,buy,26,510.92,,"{'status': <OrderStatus.FILLED: 'filled'>, 'mode': 'LIVE'}",
cc2dd4b7-dcf3-4176-8217-b86562296c9f,2025-07-18T17:44:07.686874+00:00,GOOGL,buy,31,185.12,,"{'status': <OrderStatus.FILLED: 'filled'>, 'mode': 'LIVE'}",
28822b73-91c0-4f54-a84c-e9fc3399dc9d,2025-07-18T17:45:55.158530+00:00,TSLA,buy,271,327.63,,"{'status': <OrderStatus.FILLED: 'filled'>, 'mode': 'LIVE'}",
436a072f-3738-480f-9e0f-56d194a2d423,2025-07-18T17:46:01.912575+00:00,MSFT,buy,15,510.91,,"{'status': <OrderStatus.FILLED: 'filled'>, 'mode': 'LIVE'}",
2213dfab-cfdd-467f-9c07-e3759ea8e579,2025-07-18T17:47:55.352199+00:00,TSLA,buy,76,327.293158,,"{'status': <OrderStatus.FILLED: 'filled'>, 'mode': 'LIVE'}",
bea2aff9-7eda-4c89-bc9e-296aab92cbdf,2025-07-18T17:48:02.320398+00:00,MSFT,buy,57,510.84,,"{'status': <OrderStatus.FILLED: 'filled'>, 'mode': 'LIVE'}",
74ccccad-8f29-44bc-abdf-30980402925f,2025-07-18T17:48:09.031974+00:00,GOOGL,buy,71,185.18,,"{'status': <OrderStatus.FILLED: 'filled'>, 'mode': 'LIVE'}",
6b63f5d8-17f0-4dc1-8300-e27124b65853,2025-07-18T17:48:16.273113+00:00,AMZN,buy,66,225.56,,"{'status': <OrderStatus.FILLED: 'filled'>, 'mode': 'LIVE'}",
30a382e7-b301-46b7-9567-2564a29edfad,2025-07-18T17:49:54.730654+00:00,TSLA,buy,127,327.5,,"{'status': <OrderStatus.FILLED: 'filled'>, 'mode': 'LIVE'}",
73d3e48b-d76f-4710-8d4b-70954f270983,2025-07-18T17:50:09.416171+00:00,GOOGL,buy,41,185.3,,"{'status': <OrderStatus.FILLED: 'filled'>, 'mode': 'LIVE'}",
65cdc18d-166b-4179-858c-7cdd1eb5a31c,2025-07-18T17:51:54.733129+00:00,TSLA,buy,122,327.63,,"{'status': <OrderStatus.FILLED: 'filled'>, 'mode': 'LIVE'}",
2f1be594-3a1f-462e-8684-2b4874622d14,2025-07-18T17:52:01.700783+00:00,MSFT,buy,23,510.79,,"{'status': <OrderStatus.FILLED: 'filled'>, 'mode': 'LIVE'}",
58ed769b-c46b-4479-b6b1-8e1959e1a340,2025-07-18T17:52:08.404548+00:00,GOOGL,buy,254,185.17,,"{'status': <OrderStatus.FILLED: 'filled'>, 'mode': 'LIVE'}",
c8b10a20-b98d-4bf4-b0d5-20bfed9da703,2025-07-18T17:54:09.996904+00:00,GOOGL,buy,20,184.976,,"{'status': <OrderStatus.FILLED: 'filled'>, 'mode': 'LIVE'}",
74dbc0f4-6c42-48d9-813a-a3072a09e02b,2025-07-18T17:54:16.774076+00:00,AMZN,buy,81,225.49,,"{'status': <OrderStatus.FILLED: 'filled'>, 'mode': 'LIVE'}",
973d9626-2266-41c9-98f8-ae1455d18289,2025-07-18T17:55:55.135908+00:00,TSLA,buy,19,327.77,,"{'status': <OrderStatus.FILLED: 'filled'>, 'mode': 'LIVE'}",
7062612d-93ec-45f8-9709-fa02f639dce5,2025-07-18T17:56:02.013227+00:00,MSFT,buy,30,510.64,,"{'status': <OrderStatus.FILLED: 'filled'>, 'mode': 'LIVE'}",
1251fa9a-7aac-4886-98f4-0867ac8f0dbb,2025-07-18T17:56:09.153955+00:00,GOOGL,buy,138,185.07,,"{'status': <OrderStatus.FILLED: 'filled'>, 'mode': 'LIVE'}",
44f54fd6-5263-4107-9439-1d101e555eee,2025-07-18T17:57:55.260811+00:00,TSLA,buy,31,327.88,,"{'status': <OrderStatus.FILLED: 'filled'>, 'mode': 'LIVE'}",
08eb9266-4e81-4fe8-8008-0a437e439dfb,2025-07-18T17:58:02.054852+00:00,MSFT,buy,10,510.69,,"{'status': <OrderStatus.FILLED: 'filled'>, 'mode': 'LIVE'}",
ebd1a0a1-29b1-4040-8e06-643da43ce50b,2025-07-18T17:58:08.795429+00:00,GOOGL,buy,121,185.07,,"{'status': <OrderStatus.FILLED: 'filled'>, 'mode': 'LIVE'}",
123f0c84-cada-470b-8ddb-a31fc9ee3144,2025-07-18T17:58:15.488563+00:00,AMZN,buy,364,225.42,,"{'status': <OrderStatus.FILLED: 'filled'>, 'mode': 'LIVE'}",
31a4b846-bdeb-46a4-9f30-ecae179538b1,2025-07-18T17:59:59.021685+00:00,TSLA,buy,34,328.1,,"{'status': <OrderStatus.FILLED: 'filled'>, 'mode': 'LIVE'}",
6aa482b7-acb6-4571-a794-4146d94afaa4,2025-07-18T18:00:58.510443+00:00,MSFT,buy,37,510.86,,"{'status': <OrderStatus.FILLED: 'filled'>, 'mode': 'LIVE'}",
571ddd22-dcd1-4695-b797-9c7edbab80a9,2025-07-18T18:02:44.570721+00:00,GOOGL,buy,158,185.31,,"{'status': <OrderStatus.FILLED: 'filled'>, 'mode': 'LIVE'}",
6d4f00ca-b854-42fc-967e-7d046b4c21f8,2025-07-18T18:02:56.406039+00:00,TSLA,buy,55,329.1,,"{'status': <OrderStatus.FILLED: 'filled'>, 'mode': 'LIVE'}",
f98ef2e8-dcd1-4117-abd2-e1593c96ceb2,2025-07-18T18:03:42.856380+00:00,TSLA,buy,2,328.9,,"{'status': <OrderStatus.FILLED: 'filled'>, 'mode': 'LIVE'}",
da3075ec-2e40-429c-8058-2fe69ec4d4ea,2025-07-18T18:03:49.469650+00:00,MSFT,buy,10,510.95,,"{'status': <OrderStatus.FILLED: 'filled'>, 'mode': 'LIVE'}",
a6574599-1b5c-4c16-9a8d-12157c9f6374,2025-07-18T18:03:55.754236+00:00,GOOGL,buy,75,185.241333,,"{'status': <OrderStatus.FILLED: 'filled'>, 'mode': 'LIVE'}",
6f551f3b-4112-4322-9a2e-52dfc35c1017,2025-07-18T18:04:43.186001+00:00,GOOGL,buy,6,185.29,,"{'status': <OrderStatus.FILLED: 'filled'>, 'mode': 'LIVE'}",
64573ce1-b6f0-4e38-831d-2084e831d2f0,2025-07-18T18:04:53.269148+00:00,TSLA,buy,134,329.14,,"{'status': <OrderStatus.FILLED: 'filled'>, 'mode': 'LIVE'}",
0497a3b8-ebc4-4ec2-a06b-3d9508375b84,2025-07-18T18:05:02.253467+00:00,MSFT,buy,25,511.15,,"{'status': <OrderStatus.FILLED: 'filled'>, 'mode': 'LIVE'}",
516e80e9-f1c4-4199-965e-ba38b7df0335,2025-07-18T18:28:56.606116+00:00,AMZN,buy,49,225.87,,"{'status': <OrderStatus.FILLED: 'filled'>, 'mode': 'LIVE'}",
2b95e444-018d-4b27-bf30-ba6732c74743,2025-07-18T18:29:02.900073+00:00,TSLA,buy,34,330.02,,"{'status': <OrderStatus.FILLED: 'filled'>, 'mode': 'LIVE'}",
a3e0b920-8302-4bfc-bca9-ce16e996fd69,2025-07-18T18:30:02.089926+00:00,TSLA,buy,4,329.9,,"{'status': <OrderStatus.FILLED: 'filled'>, 'mode': 'LIVE'}",
fef2268a-6627-48d4-a9d1-30a67097c57b,2025-07-18T18:30:08.451234+00:00,MSFT,buy,20,511.62,,"{'status': <OrderStatus.FILLED: 'filled'>, 'mode': 'LIVE'}",
76fd86c5-1650-4103-bbaf-1fe8926c2021,2025-07-18T18:30:14.551341+00:00,GOOGL,buy,54,185.04,,"{'status': <OrderStatus.FILLED: 'filled'>, 'mode': 'LIVE'}",
91f47f92-ca1c-4fbd-bc68-c7c7f45dbf4c,2025-07-18T18:31:56.158675+00:00,GOOGL,buy,36,184.98,,"{'status': <OrderStatus.FILLED: 'filled'>, 'mode': 'LIVE'}",
efe71268-0503-4ae9-bcfa-693404b64818,2025-07-18T18:32:03.268315+00:00,AMZN,buy,31,225.94,,"{'status': <OrderStatus.FILLED: 'filled'>, 'mode': 'LIVE'}",
84e3688a-3451-43a9-b34c-a5408d8a66c0,2025-07-18T18:33:40.613714+00:00,TSLA,buy,48,329.76,,"{'status': <OrderStatus.FILLED: 'filled'>, 'mode': 'LIVE'}",
9c82f552-a7d9-4abc-94a0-8f2e34284bff,2025-07-18T18:33:47.009381+00:00,MSFT,buy,18,511.57,,"{'status': <OrderStatus.FILLED: 'filled'>, 'mode': 'LIVE'}",
29fc26d6-a78c-4983-a9fd-bfa1828f75e6,2025-07-18T18:33:53.900389+00:00,GOOGL,buy,156,185.04,,"{'status': <OrderStatus.FILLED: 'filled'>, 'mode': 'LIVE'}",
7d8fe2b5-0831-47c2-9949-7e31f50b39b4,2025-07-18T18:34:00.669676+00:00,AMZN,buy,90,225.93,,"{'status': <OrderStatus.FILLED: 'filled'>, 'mode': 'LIVE'}",
d3ceae41-71b7-4a1e-9275-9ea3aae1b1b1,2025-07-18T18:35:40.409097+00:00,TSLA,buy,66,329.75,,"{'status': <OrderStatus.FILLED: 'filled'>, 'mode': 'LIVE'}",
e4d96cb8-3a4a-4cb6-b37e-a30ad53a05bd,2025-07-18T18:35:47.003289+00:00,MSFT,buy,26,511.56,,"{'status': <OrderStatus.FILLED: 'filled'>, 'mode': 'LIVE'}",
e1afbe61-c44f-42e4-975e-cdae501db198,2025-07-18T18:35:54.175399+00:00,GOOGL,buy,32,184.98,,"{'status': <OrderStatus.FILLED: 'filled'>, 'mode': 'LIVE'}",
aa4973cf-531d-44ad-9fa7-c5b2b9db57c8,2025-07-18T18:37:40.605498+00:00,TSLA,buy,13,329.43,,"{'status': <OrderStatus.FILLED: 'filled'>, 'mode': 'LIVE'}",
8caaa539-f806-4dab-b8b9-0ebb81f69fa5,2025-07-18T18:38:03.322212+00:00,AMZN,buy,120,225.99,,"{'status': <OrderStatus.FILLED: 'filled'>, 'mode': 'LIVE'}",
c0ea9283-574c-46fd-b024-38a7fc761949,2025-07-18T18:39:40.404824+00:00,TSLA,buy,43,329.68,,"{'status': <OrderStatus.FILLED: 'filled'>, 'mode': 'LIVE'}",
3523ff57-cc07-4178-86a3-a0fd76d3c81d,2025-07-18T18:39:47.020441+00:00,MSFT,buy,47,511.44,,"{'status': <OrderStatus.FILLED: 'filled'>, 'mode': 'LIVE'}",
53b0c8a1-607b-4c0a-bc4a-ef822a082642,2025-07-18T18:40:00.449284+00:00,AMZN,buy,157,225.97,,"{'status': <OrderStatus.FILLED: 'filled'>, 'mode': 'LIVE'}",
941f5687-8ea7-4fa6-adbe-1b0c2c35c14b,2025-07-18T18:41:40.425559+00:00,TSLA,buy,33,329.99,,"{'status': <OrderStatus.FILLED: 'filled'>, 'mode': 'LIVE'}",
ca26a0b6-7058-4ff5-a8c1-592e81ce2a6e,2025-07-18T18:41:47.374173+00:00,MSFT,buy,36,511.56,,"{'status': <OrderStatus.FILLED: 'filled'>, 'mode': 'LIVE'}",
fbfbc7e1-4600-45e9-af9e-94f8193b530d,2025-07-18T18:42:02.628689+00:00,AMZN,buy,141,225.99,,"{'status': <OrderStatus.FILLED: 'filled'>, 'mode': 'LIVE'}",
2ec65e45-1ee9-4d59-8e68-6a0f253898b6,2025-07-18T18:43:48.446256+00:00,MSFT,buy,25,511.52,,"{'status': <OrderStatus.FILLED: 'filled'>, 'mode': 'LIVE'}",
2327da80-7d56-4fec-9cc7-e9bb770f1636,2025-07-18T18:43:55.011537+00:00,GOOGL,buy,22,184.93,,"{'status': <OrderStatus.FILLED: 'filled'>, 'mode': 'LIVE'}",
f1cc8fbe-979d-4dad-b0a6-2745c18fcad1,2025-07-18T18:44:01.691038+00:00,AMZN,buy,75,226.0,,"{'status': <OrderStatus.FILLED: 'filled'>, 'mode': 'LIVE'}",
ffc244c3-e3b9-451d-ba30-57c55a6a1ce2,2025-07-18T18:45:47.064196+00:00,MSFT,buy,21,511.68,,"{'status': <OrderStatus.FILLED: 'filled'>, 'mode': 'LIVE'}",
5602639c-2baf-44d7-ab0c-f89549ef3128,2025-07-18T18:45:53.539960+00:00,GOOGL,buy,60,184.9,,"{'status': <OrderStatus.FILLED: 'filled'>, 'mode': 'LIVE'}",
be96d610-5c94-4826-b9d6-953bb1a4c6db,2025-07-18T18:45:59.408496+00:00,AMZN,buy,49,225.91,,"{'status': <OrderStatus.FILLED: 'filled'>, 'mode': 'LIVE'}",
694af9d9-b961-47b0-8bf7-ff380644eb26,2025-07-18T18:46:05.522804+00:00,TSLA,buy,34,329.958824,,"{'status': <OrderStatus.FILLED: 'filled'>, 'mode': 'LIVE'}",
a347761c-3d62-4075-a057-07a4b5513fa7,2025-07-18T18:47:18.383632+00:00,AMZN,buy,27,225.85,,"{'status': <OrderStatus.FILLED: 'filled'>, 'mode': 'LIVE'}",
391645b9-9a0e-4f01-9c31-5e8004f49b5b,2025-07-18T18:48:51.607097+00:00,AMZN,buy,90,225.93,,"{'status': <OrderStatus.FILLED: 'filled'>, 'mode': 'LIVE'}",
aee04ec5-a71d-4e07-a1ea-3dac31ec328e,2025-07-18T18:49:05.817183+00:00,MSFT,buy,42,511.66,,"{'status': <OrderStatus.FILLED: 'filled'>, 'mode': 'LIVE'}",
b89db8b4-34f7-4ea3-8b5e-da5e6ea6c5a9,2025-07-18T18:49:58.609383+00:00,AMZN,buy,19,225.86,,"{'status': <OrderStatus.FILLED: 'filled'>, 'mode': 'LIVE'}",
894048fa-f5bd-4634-ba9d-ffba0de18efa,2025-07-18T18:50:19.290342+00:00,MSFT,buy,68,511.7,,"{'status': <OrderStatus.FILLED: 'filled'>, 'mode': 'LIVE'}",
5574fe70-f678-440a-b915-80784a6e18e0,2025-07-18T19:43:52.884666+00:00,GOOGL,buy,60,184.72,,"{'status': <OrderStatus.FILLED: 'filled'>, 'mode': 'LIVE'}",
541b9f73-b976-4338-b5de-f917b25fdc59,2025-07-18T19:43:58.764813+00:00,AMZN,buy,49,225.88,,"{'status': <OrderStatus.FILLED: 'filled'>, 'mode': 'LIVE'}",
2745defd-d4c1-4c84-9961-def111e5e6ae,2025-07-18T19:44:04.953647+00:00,TSLA,buy,34,328.663529,,"{'status': <OrderStatus.FILLED: 'filled'>, 'mode': 'LIVE'}",
d05e79ec-9686-4f40-9618-b4b4bbf72175,2025-07-18T19:45:04.500975+00:00,MSFT,buy,32,509.3,,"{'status': <OrderStatus.FILLED: 'filled'>, 'mode': 'LIVE'}",
849a433a-c4c2-49fe-a773-61f8fb9abaf4,2025-07-18T19:46:43.001014+00:00,MSFT,buy,82,509.55,,"{'status': <OrderStatus.FILLED: 'filled'>, 'mode': 'LIVE'}",
27258eef-0035-4431-ba8b-40ef9503b63c,2025-07-18T19:46:56.172533+00:00,TSLA,buy,72,328.35,,"{'status': <OrderStatus.FILLED: 'filled'>, 'mode': 'LIVE'}",
a45cb6f2-a680-4a83-90e2-1d3695ca54ac,2025-07-18T19:47:48.377823+00:00,TSLA,buy,4,328.5,,"{'status': <OrderStatus.FILLED: 'filled'>, 'mode': 'LIVE'}",
2b768832-a9b8-43ed-9316-0de1d0fb21a4,2025-07-18T19:48:48.739133+00:00,TSLA,buy,1,328.7,,"{'status': <OrderStatus.FILLED: 'filled'>, 'mode': 'LIVE'}",
0af7a827-5618-4b47-96e4-c1753b22e7b1,2025-07-18T19:49:03.106428+00:00,MSFT,buy,87,510.03,,"{'status': <OrderStatus.FILLED: 'filled'>, 'mode': 'LIVE'}",
b3579247-8fbd-44f3-a710-af0366bd6225,2025-07-18T19:49:51.954821+00:00,GOOGL,buy,87,184.92,,"{'status': <OrderStatus.FILLED: 'filled'>, 'mode': 'LIVE'}",
GOOGL,2025-07-18T19:49:51.955621+00:00,184.89,,,175,buy,momentum+mean_reversion+ml+sentiment+regime+stochrsi+obv+vsa,,momentum+mean_reversion+ml+sentiment+regime+stochrsi+obv+vsa,0.5486968361345306,
fde60ba8-157a-43a7-ae19-c5ba019f0ebb,2025-07-18T19:50:01.651251+00:00,TSLA,buy,111,329.36,,"{'status': <OrderStatus.FILLED: 'filled'>, 'mode': 'LIVE'}",
a864da1e-0709-40f9-a378-5a756d0041cb,2025-07-18T19:50:10.648011+00:00,MSFT,buy,71,510.032254,,"{'status': <OrderStatus.FILLED: 'filled'>, 'mode': 'LIVE'}",
d778f52c-42cc-401b-ba26-be54a9eeb431,2025-07-21T18:21:19.088720+00:00,MSFT,buy,21,510.45,,"{'status': <OrderStatus.FILLED: 'filled'>, 'mode': 'LIVE'}",
6359bbf9-feb1-4ab2-b930-3a6ac629ed17,2025-07-21T18:21:32.804924+00:00,AMZN,buy,49,229.52,,"{'status': <OrderStatus.FILLED: 'filled'>, 'mode': 'LIVE'}",
e480e0b2-5981-4f8e-a455-70e81634c254,2025-07-21T18:22:20.657818+00:00,GOOGL,buy,12,189.72,,"{'status': <OrderStatus.FILLED: 'filled'>, 'mode': 'LIVE'}",
2a3b889d-207d-43cb-b951-a01bdba1ba79,2025-07-21T18:22:26.882755+00:00,AMZN,buy,16,229.53,,"{'status': <OrderStatus.FILLED: 'filled'>, 'mode': 'LIVE'}",
78a0ccbe-454a-4138-8e18-be4e70a8a3b8,2025-07-21T18:22:35.473989+00:00,MSFT,buy,9,510.48,,"{'status': <OrderStatus.FILLED: 'filled'>, 'mode': 'LIVE'}",
62fbe576-591c-4b72-80af-f36390a017bd,2025-07-21T18:23:20.113343+00:00,MSFT,buy,14,510.52,,"{'status': <OrderStatus.FILLED: 'filled'>, 'mode': 'LIVE'}",
f1c83a64-5f26-4c1a-98ef-f99b0188252d,2025-07-21T18:23:26.274364+00:00,GOOGL,buy,33,189.75,,"{'status': <OrderStatus.FILLED: 'filled'>, 'mode': 'LIVE'}",
ab4c9285-fbbd-4f6c-91ca-16825d1cac0d,2025-07-21T18:23:52.836768+00:00,TSLA,buy,100,329.79,,"{'status': <OrderStatus.FILLED: 'filled'>, 'mode': 'LIVE'}",
496389de-474d-441c-87c3-7b1aa268c02d,2025-07-21T18:39:51.397480+00:00,MSFT,buy,21,510.39,,"{'status': <OrderStatus.FILLED: 'filled'>, 'mode': 'LIVE'}",
8982c006-9108-4e75-8f9b-3fa6307696b8,2025-07-21T18:39:57.905236+00:00,GOOGL,buy,15,189.69,,"{'status': <OrderStatus.FILLED: 'filled'>, 'mode': 'LIVE'}",
f6bcadae-5553-4a06-a4f4-d7445d42b32a,2025-07-21T18:40:54.715759+00:00,MSFT,buy,3,510.43,,"{'status': <OrderStatus.FILLED: 'filled'>, 'mode': 'LIVE'}",
f6a712e2-3c68-4b4e-840c-7385def92960,2025-07-21T18:41:00.886228+00:00,GOOGL,buy,29,189.81,,"{'status': <OrderStatus.FILLED: 'filled'>, 'mode': 'LIVE'}",
40ff1470-9674-4a45-a83b-348796e2d525,2025-07-21T18:41:53.952949+00:00,GOOGL,buy,76,189.78,,"{'status': <OrderStatus.FILLED: 'filled'>, 'mode': 'LIVE'}",
d90f9a02-ed57-4a6e-a7ca-cb4f5cdd8dbf,2025-07-21T18:42:02.766310+00:00,MSFT,buy,58,510.35,,"{'status': <OrderStatus.FILLED: 'filled'>, 'mode': 'LIVE'}",
8d6889c4-bc3e-446e-98de-6e5b0d82d1a9,2025-07-21T18:42:19.696782+00:00,TSLA,buy,47,330.1,,"{'status': <OrderStatus.FILLED: 'filled'>, 'mode': 'LIVE'}",
cd82047a-b7d4-4501-9467-e10556b1a8db,2025-07-21T19:06:59.020518+00:00,MSFT,buy,21,510.8,,"{'status': <OrderStatus.FILLED: 'filled'>, 'mode': 'LIVE'}",
c4bdbfcb-edbd-479d-b1a3-e8eab6716fd7,2025-07-21T19:09:04.165882+00:00,MSFT,buy,26,510.6,,"{'status': <OrderStatus.FILLED: 'filled'>, 'mode': 'LIVE'}",
33c97e3e-f255-42b6-a60f-2e6094ff2b5b,2025-07-22T15:21:02.704939+00:00,MSFT,buy,21,508.44,,"{'status': <OrderStatus.FILLED: 'filled'>, 'mode': 'LIVE'}",
8db5d007-b475-450f-bba0-1eb484bf6f81,2025-07-22T15:21:09.281529+00:00,GOOGL,buy,58,189.0,,"{'status': <OrderStatus.FILLED: 'filled'>, 'mode': 'LIVE'}",
82131e62-4fab-4b3d-b18c-f045d59554a3,2025-07-22T15:22:00.512951+00:00,MSFT,buy,21,508.24,,"{'status': <OrderStatus.FILLED: 'filled'>, 'mode': 'LIVE'}",
810482d4-0ab4-4fdb-b050-83edb628f1be,2025-07-22T15:22:07.102163+00:00,GOOGL,buy,58,188.89,,"{'status': <OrderStatus.FILLED: 'filled'>, 'mode': 'LIVE'}",
40349ba2-fc01-4d52-97e9-3b3dc589f40d,2025-07-22T15:22:12.984943+00:00,AMZN,buy,48,226.95,,"{'status': <OrderStatus.FILLED: 'filled'>, 'mode': 'LIVE'}",
ec86c116-a2d7-4c82-b539-2b7a578161f5,2025-07-22T15:22:59.681106+00:00,GOOGL,buy,34,188.87,,"{'status': <OrderStatus.FILLED: 'filled'>, 'mode': 'LIVE'}",
43ed9cad-1eb8-406d-bcbc-91f91246cb2a,2025-07-22T15:23:06.073351+00:00,AMZN,buy,68,227.02,,"{'status': <OrderStatus.FILLED: 'filled'>, 'mode': 'LIVE'}",
5a423d0d-a255-4db2-959b-0ad9626be61c,2025-07-22T15:23:59.916559+00:00,GOOGL,buy,76,188.92,,"{'status': <OrderStatus.FILLED: 'filled'>, 'mode': 'LIVE'}",
c8a0cb42-fc46-4b71-bf0b-100fcccaac21,2025-07-22T15:24:07.333207+00:00,AMZN,buy,186,227.04,,"{'status': <OrderStatus.FILLED: 'filled'>, 'mode': 'LIVE'}",
e0df67d0-9e96-4fee-aa2a-7621ff7ea653,2025-07-22T15:24:16.946709+00:00,TSLA,buy,98,329.61,,"{'status': <OrderStatus.FILLED: 'filled'>, 'mode': 'LIVE'}",
0d07f9cb-46e5-4a85-a039-02a223720224,2025-07-22T15:24:59.082868+00:00,AMZN,buy,85,227.04,,"{'status': <OrderStatus.FILLED: 'filled'>, 'mode': 'LIVE'}",
4f328a67-affc-47b5-8685-0246a5698949,2025-07-22T17:21:04.626726+00:00,MSFT,buy,21,507.06,,"{'status': <OrderStatus.FILLED: 'filled'>, 'mode': 'LIVE'}",
3e84451f-385f-4ebd-9320-8d8c598b3bc4,2025-07-22T17:21:18.456117+00:00,AMZN,buy,48,227.39,,"{'status': <OrderStatus.FILLED: 'filled'>, 'mode': 'LIVE'}",
fe840b05-87b0-419e-8333-6b945a4ec32b,2025-07-22T17:21:24.724041+00:00,TSLA,buy,34,331.539118,,"{'status': <OrderStatus.FILLED: 'filled'>, 'mode': 'LIVE'}",
c58a0b7f-ce51-437c-aad4-f532abed59d4,2025-07-22T17:22:04.983311+00:00,GOOGL,buy,12,190.8,,"{'status': <OrderStatus.FILLED: 'filled'>, 'mode': 'LIVE'}",
e64c68dd-e1b5-4163-b36f-fffe0e4c427e,2025-07-22T17:22:13.367308+00:00,MSFT,buy,1,507.13,,"{'status': <OrderStatus.FILLED: 'filled'>, 'mode': 'LIVE'}",
a45ed3d5-7816-4b39-9ec8-984b9d4bdfe5,2025-07-22T17:23:03.756404+00:00,MSFT,buy,1,507.15,,"{'status': <OrderStatus.FILLED: 'filled'>, 'mode': 'LIVE'}",
ed85ff43-268a-494f-9946-4523d5284cc9,2025-07-22T17:23:10.193655+00:00,GOOGL,buy,43,190.84,,"{'status': <OrderStatus.FILLED: 'filled'>, 'mode': 'LIVE'}",
42a23bf0-41c5-4d2f-80bc-5efe3d5b66e8,2025-07-22T18:10:45.185445+00:00,AMZN,buy,48,227.1,,"{'status': <OrderStatus.FILLED: 'filled'>, 'mode': 'LIVE'}",
9a5d5ea6-f06e-4015-81a4-bee2ed976d09,2025-07-22T18:10:51.507352+00:00,TSLA,buy,34,333.17,,"{'status': <OrderStatus.FILLED: 'filled'>, 'mode': 'LIVE'}",
e94e2c06-82e0-42f2-a637-4c261ec2351e,2025-07-22T18:11:31.511251+00:00,MSFT,buy,8,506.62,,"{'status': <OrderStatus.FILLED: 'filled'>, 'mode': 'LIVE'}",
83cbb7d9-4b54-4b1c-a487-bd75308a67dc,2025-07-22T18:11:37.789890+00:00,AMZN,buy,25,227.08,,"{'status': <OrderStatus.FILLED: 'filled'>, 'mode': 'LIVE'}",
5f05920d-0080-4f4a-a5bf-ba4479c130ac,2025-07-22T18:11:46.294890+00:00,TSLA,buy,46,333.7,,"{'status': <OrderStatus.FILLED: 'filled'>, 'mode': 'LIVE'}",
6a3e8a75-63f7-497f-b0c3-55f11d2696be,2025-07-22T18:37:56.147669+00:00,MSFT,buy,22,506.104091,,"{'status': <OrderStatus.FILLED: 'filled'>, 'mode': 'LIVE'}",
995d05aa-4a1d-4173-86d0-0598c93dab9d,2025-07-22T18:38:02.652270+00:00,GOOGL,buy,59,191.4,,"{'status': <OrderStatus.FILLED: 'filled'>, 'mode': 'LIVE'}",
7a5b39e4-ed8b-4f06-b510-c8861fc45fc0,2025-07-22T18:38:08.487219+00:00,AMZN,buy,48,227.6,,"{'status': <OrderStatus.FILLED: 'filled'>, 'mode': 'LIVE'}",
e0f0c970-ca66-46f0-897a-33c485600f69,2025-07-22T18:38:14.567799+00:00,TSLA,buy,34,334.65,,"{'status': <OrderStatus.FILLED: 'filled'>, 'mode': 'LIVE'}",
b79b8030-350a-4c8e-b187-36634faafec3,2025-07-22T18:38:54.418512+00:00,GOOGL,buy,55,191.38,,"{'status': <OrderStatus.FILLED: 'filled'>, 'mode': 'LIVE'}",
8d3ae722-0bf3-4b56-952e-caabf343fe4b,2025-07-22T18:39:02.611041+00:00,TSLA,buy,16,334.88,,"{'status': <OrderStatus.FILLED: 'filled'>, 'mode': 'LIVE'}",
3c45aedc-5c20-44a2-889b-fe85662b813d,2025-07-22T18:40:04.648307+00:00,TSLA,buy,54,334.54,,"{'status': <OrderStatus.FILLED: 'filled'>, 'mode': 'LIVE'}",
34b3194c-f580-40ad-9e24-a5041ac6490b,2025-07-22T19:07:20.650216+00:00,GOOGL,buy,59,191.33,,"{'status': <OrderStatus.FILLED: 'filled'>, 'mode': 'LIVE'}",
6ed6b916-f259-4c2e-9424-afcbc4a54519,2025-07-22T19:07:33.326156+00:00,TSLA,buy,34,335.26,,"{'status': <OrderStatus.FILLED: 'filled'>, 'mode': 'LIVE'}",
ce5b3c88-b429-481e-a37c-88af7ccd5468,2025-07-22T19:08:13.338182+00:00,MSFT,buy,8,505.80375,,"{'status': <OrderStatus.FILLED: 'filled'>, 'mode': 'LIVE'}",
e2b7a615-797c-4ca1-b063-37f224715fe7,2025-07-22T19:08:29.704127+00:00,TSLA,buy,10,334.95,,"{'status': <OrderStatus.FILLED: 'filled'>, 'mode': 'LIVE'}",
d26b75cd-6fd6-4823-8194-57dd02d8246a,2025-07-22T19:09:13.006227+00:00,TSLA,buy,15,334.95,,"{'status': <OrderStatus.FILLED: 'filled'>, 'mode': 'LIVE'}",
71b22119-339f-4c3f-99bb-49710dcc024c,2025-07-22T19:09:19.815895+00:00,MSFT,buy,18,505.94,,"{'status': <OrderStatus.FILLED: 'filled'>, 'mode': 'LIVE'}",
b5f777ec-3ae2-4296-b4bb-2715b954badf,2025-07-22T19:09:26.208555+00:00,AMZN,buy,29,227.69,,"{'status': <OrderStatus.FILLED: 'filled'>, 'mode': 'LIVE'}",
52dc466a-5c43-4735-9767-6b6e9765e5af,2025-07-24T15:31:27.698193+00:00,GOOGL,buy,59,194.23,,"{'status': <OrderStatus.FILLED: 'filled'>, 'mode': 'LIVE'}",
2cc678a0-a892-4132-9d6e-ae8dcf541a36,2025-07-24T15:31:41.501728+00:00,TSLA,buy,33,302.829697,,"{'status': <OrderStatus.FILLED: 'filled'>, 'mode': 'LIVE'}",
b14f06dd-bb0d-468e-a57e-7c7ceac3cff0,2025-07-24T15:33:26.392818+00:00,MSFT,buy,22,511.0,,"{'status': <OrderStatus.FILLED: 'filled'>, 'mode': 'LIVE'}",
1f990b50-a0c6-4461-8e4b-4fcecaacbf5f,2025-07-24T15:33:47.114605+00:00,TSLA,buy,33,303.06,,"{'status': <OrderStatus.FILLED: 'filled'>, 'mode': 'LIVE'}",
b30302c1-b687-40ec-b459-55d3f6c5aea8,2025-07-24T18:40:23.799890+00:00,TSLA,buy,30,304.36,,"{'status': <OrderStatus.FILLED: 'filled'>, 'mode': 'LIVE'}",
TSLA,2025-07-24T18:40:23.803312+00:00,304.05,,,60,buy,momentum+mean_reversion+sentiment+regime+stochrsi+obv+vsa,,momentum+mean_reversion+sentiment+regime+stochrsi+obv+vsa,0.5135150994107066,
e77bbb09-1f2b-4d22-ba56-a6e17052ab20,2025-07-24T18:40:37.963555+00:00,GOOGL,buy,83,193.536988,,"{'status': <OrderStatus.FILLED: 'filled'>, 'mode': 'LIVE'}",
GOOGL,2025-07-24T18:40:37.965440+00:00,193.56,,,167,buy,momentum+mean_reversion+sentiment+regime+stochrsi+obv+vsa,,momentum+mean_reversion+sentiment+regime+stochrsi+obv+vsa,0.8213004069610803,
fa68c320-d580-4bf5-b744-5bda242e936b,2025-07-24T18:40:46.451456+00:00,TSLA,sell,15,304.61,,"{'status': <OrderStatus.FILLED: 'filled'>, 'mode': 'LIVE'}",
3dcac3fc-82f8-4a1a-ae96-b4fd780779ea,2025-07-24T18:40:55.177315+00:00,MSFT,buy,63,512.52,,"{'status': <OrderStatus.FILLED: 'filled'>, 'mode': 'LIVE'}",
2537ed83-d996-4b91-b580-725ff957521e,2025-07-24T18:42:46.496480+00:00,AMZN,buy,53,232.0,,"{'status': <OrderStatus.FILLED: 'filled'>, 'mode': 'LIVE'}",
AMZN,2025-07-24T18:42:46.935962+00:00,231.98,,,116,buy,momentum+mean_reversion+sentiment+regime+stochrsi+obv+vsa,,momentum+mean_reversion+sentiment+regime+stochrsi+obv+vsa,0.20673413889198294,
MSFT,2025-07-24T18:43:49.058670+00:00,512.42,,,23,buy,momentum+mean_reversion+sentiment+regime+stochrsi+obv+vsa,,momentum+mean_reversion+sentiment+regime+stochrsi+obv+vsa,0.33998925855972084,
2bcd1a37-4e75-4414-860d-57558e741aaa,2025-07-24T18:45:46.242349+00:00,TSLA,buy,30,304.0,,"{'status': <OrderStatus.FILLED: 'filled'>, 'mode': 'LIVE'}",
TSLA,2025-07-24T18:45:46.243169+00:00,304.34,,,60,buy,momentum+mean_reversion+sentiment+regime+stochrsi+obv+vsa,,momentum+mean_reversion+sentiment+regime+stochrsi+obv+vsa,0.30033632572962915,
a4083aec-d4f9-4022-ac84-ed2e64dc1f2f,2025-07-24T18:46:08.376045+00:00,TSLA,sell,15,303.73,,"{'status': <OrderStatus.FILLED: 'filled'>, 'mode': 'LIVE'}",
e89cc041-e841-443e-b223-a53216c56558,2025-07-24T18:46:50.428714+00:00,GOOGL,buy,83,193.34,,"{'status': <OrderStatus.FILLED: 'filled'>, 'mode': 'LIVE'}",
GOOGL,2025-07-24T18:46:50.431159+00:00,193.36,,,167,buy,momentum+mean_reversion+sentiment+regime+stochrsi+obv+vsa,,momentum+mean_reversion+sentiment+regime+stochrsi+obv+vsa,0.4906701010626037,
a3237a0b-0e2f-4063-988f-a22a0b94d021,2025-07-24T18:47:54.605329+00:00,AMZN,buy,58,231.76,,"{'status': <OrderStatus.FILLED: 'filled'>, 'mode': 'LIVE'}",
AMZN,2025-07-24T18:47:54.607212+00:00,231.755,,,116,buy,momentum+mean_reversion+sentiment+regime+stochrsi+obv+vsa,,momentum+mean_reversion+sentiment+regime+stochrsi+obv+vsa,0.286490178318318,
1dfd61a6-df36-4d73-89fd-1f4203f7ce40,2025-07-24T18:49:51.192520+00:00,MSFT,buy,11,511.94,,"{'status': <OrderStatus.FILLED: 'filled'>, 'mode': 'LIVE'}",
MSFT,2025-07-24T18:49:51.194706+00:00,512.185,,,23,buy,momentum+mean_reversion+sentiment+regime+stochrsi+obv+vsa,,momentum+mean_reversion+sentiment+regime+stochrsi+obv+vsa,0.5823722989440461,
b3e5adb6-2bfb-41c0-b063-4658d8b81439,2025-07-24T18:50:54.605351+00:00,TSLA,buy,30,303.91,,"{'status': <OrderStatus.FILLED: 'filled'>, 'mode': 'LIVE'}",
TSLA,2025-07-24T18:50:54.606048+00:00,303.95,,,60,buy,momentum+mean_reversion+sentiment+regime+stochrsi+obv+vsa,,momentum+mean_reversion+sentiment+regime+stochrsi+obv+vsa,0.2648443474810265,
abce1a38-23a8-4f28-8038-ea41758662de,2025-07-24T18:51:14.052786+00:00,TSLA,sell,15,303.88,,"{'status': <OrderStatus.FILLED: 'filled'>, 'mode': 'LIVE'}",
dd10dd9a-9816-4466-8243-eb4764b1c0bc,2025-07-24T18:56:38.576489+00:00,TSLA,buy,30,304.1,,"{'status': <OrderStatus.FILLED: 'filled'>, 'mode': 'LIVE'}",
TSLA,2025-07-24T18:56:38.577315+00:00,304.01,,,60,buy,momentum+mean_reversion+sentiment+regime+stochrsi+obv+vsa,,momentum+mean_reversion+sentiment+regime+stochrsi+obv+vsa,0.6323032184157852,
e1a866de-5d48-42d8-94ae-3937cde37c73,2025-07-24T18:56:49.265952+00:00,GOOGL,buy,83,193.34012,,"{'status': <OrderStatus.FILLED: 'filled'>, 'mode': 'LIVE'}",
GOOGL,2025-07-24T18:56:49.268124+00:00,193.22,,,167,buy,momentum+mean_reversion+sentiment+regime+stochrsi+obv+vsa,,momentum+mean_reversion+sentiment+regime+stochrsi+obv+vsa,0.1819616133205963,
aaa9dd2c-d6f6-4fc2-be90-dd632fb57327,2025-07-24T18:57:06.985811+00:00,TSLA,sell,15,304.11,,"{'status': <OrderStatus.FILLED: 'filled'>, 'mode': 'LIVE'}",
4ea7f155-8e6d-410e-8726-41415926ab50,2025-07-24T18:57:52.131954+00:00,AMZN,buy,55,232.02,,"{'status': <OrderStatus.FILLED: 'filled'>, 'mode': 'LIVE'}",
AMZN,2025-07-24T18:57:52.134445+00:00,232.02,,,110,buy,momentum+mean_reversion+sentiment+regime+stochrsi+obv+vsa,,momentum+mean_reversion+sentiment+regime+stochrsi+obv+vsa,0.31981758996837806,
08487b8a-658e-4e96-9a4d-4ae3d32a9563,2025-07-24T19:00:46.317626+00:00,MSFT,buy,11,511.8,,"{'status': <OrderStatus.FILLED: 'filled'>, 'mode': 'LIVE'}",
MSFT,2025-07-24T19:00:46.319565+00:00,511.97,,,23,buy,momentum+mean_reversion+sentiment+regime+stochrsi+obv+vsa,,momentum+mean_reversion+sentiment+regime+stochrsi+obv+vsa,0.24323908327689941,
c57e3970-7cae-4449-9df0-ca10dab15571,2025-07-24T19:01:49.372196+00:00,TSLA,buy,28,304.69,,"{'status': <OrderStatus.FILLED: 'filled'>, 'mode': 'LIVE'}",
TSLA,2025-07-24T19:01:49.373064+00:00,304.9,,,57,buy,momentum+mean_reversion+sentiment+regime+stochrsi+obv+vsa,,momentum+mean_reversion+sentiment+regime+stochrsi+obv+vsa,0.19820304568113983,
GOOGL,2025-07-24T19:01:59.894379+00:00,193.265,,,159,buy,momentum+mean_reversion+sentiment+regime+stochrsi+obv+vsa,,momentum+mean_reversion+sentiment+regime+stochrsi+obv+vsa,0.7281303325333317,
08691f3d-3add-49c9-863b-caf439441685,2025-07-24T19:02:17.685472+00:00,TSLA,sell,14,304.65,,"{'status': <OrderStatus.FILLED: 'filled'>, 'mode': 'LIVE'}",
c5b1372d-5d14-44f0-bb03-1d03b724be7b,2025-07-24T19:03:02.840344+00:00,AMZN,buy,57,232.06,,"{'status': <OrderStatus.FILLED: 'filled'>, 'mode': 'LIVE'}",
AMZN,2025-07-24T19:03:02.841050+00:00,232.05,,,115,buy,momentum+mean_reversion+sentiment+regime+stochrsi+obv+vsa,,momentum+mean_reversion+sentiment+regime+stochrsi+obv+vsa,0.29383205100098375,
9bbc71eb-cb45-4f4b-b824-0b68dd492ce8,2025-07-24T19:06:54.652817+00:00,MSFT,buy,11,511.459091,,"{'status': <OrderStatus.FILLED: 'filled'>, 'mode': 'LIVE'}",
MSFT,2025-07-24T19:06:54.654682+00:00,511.49,,,23,buy,momentum+mean_reversion+sentiment+regime+stochrsi+obv+vsa,,momentum+mean_reversion+sentiment+regime+stochrsi+obv+vsa,0.27064673623088886,
bb0bb7dd-b186-4b39-a2ce-d75b7d09db9b,2025-07-24T19:07:58.152195+00:00,TSLA,buy,29,305.13,,"{'status': <OrderStatus.FILLED: 'filled'>, 'mode': 'LIVE'}",
TSLA,2025-07-24T19:07:58.154160+00:00,305.085,,,59,buy,momentum+mean_reversion+sentiment+regime+stochrsi+obv+vsa,,momentum+mean_reversion+sentiment+regime+stochrsi+obv+vsa,0.36572583692821403,
28ece9d0-bf82-4eef-be89-5e27bfd812b4,2025-07-24T19:08:06.495992+00:00,GOOGL,buy,82,193.45,,"{'status': <OrderStatus.FILLED: 'filled'>, 'mode': 'LIVE'}",
GOOGL,2025-07-24T19:08:06.496679+00:00,193.48,,,164,buy,momentum+mean_reversion+sentiment+regime+stochrsi+obv+vsa,,momentum+mean_reversion+sentiment+regime+stochrsi+obv+vsa,0.44906558986285283,
33a1072b-6112-429f-9ebd-9674c375ca14,2025-07-24T19:08:14.724389+00:00,AMZN,buy,57,231.83,,"{'status': <OrderStatus.FILLED: 'filled'>, 'mode': 'LIVE'}",
AMZN,2025-07-24T19:08:14.726747+00:00,231.87,,,114,buy,momentum+mean_reversion+sentiment+regime+stochrsi+obv+vsa,,momentum+mean_reversion+sentiment+regime+stochrsi+obv+vsa,0.17850637734595382,
53c4b065-b591-4229-8a52-40ab127c1eb9,2025-07-24T19:08:30.394350+00:00,TSLA,sell,14,304.75,,"{'status': <OrderStatus.FILLED: 'filled'>, 'mode': 'LIVE'}",
f0d64dba-274c-4663-9567-f67121e9c7d0,2025-07-24T19:15:50.147049+00:00,TSLA,buy,30,305.33,,"{'status': <OrderStatus.FILLED: 'filled'>, 'mode': 'LIVE'}",
TSLA,2025-07-24T19:15:50.148547+00:00,305.105,,,60,buy,momentum+mean_reversion+sentiment+regime+stochrsi+obv+vsa,,momentum+mean_reversion+sentiment+regime+stochrsi+obv+vsa,0.4965692934254973,
6e3786aa-1f53-481b-8444-a5820fd473f3,2025-07-24T19:16:00.352657+00:00,GOOGL,buy,83,193.19,,"{'status': <OrderStatus.FILLED: 'filled'>, 'mode': 'LIVE'}",
GOOGL,2025-07-24T19:16:00.353473+00:00,192.845,,,167,buy,momentum+mean_reversion+sentiment+regime+stochrsi+obv+vsa,,momentum+mean_reversion+sentiment+regime+stochrsi+obv+vsa,0.7108671022071937,
9e7327da-6410-4b30-b690-bf8596b91f47,2025-07-24T19:16:17.931579+00:00,TSLA,sell,15,305.19,,"{'status': <OrderStatus.FILLED: 'filled'>, 'mode': 'LIVE'}",
MSFT,2025-07-24T19:17:02.153523+00:00,511.68,,,22,buy,momentum+mean_reversion+sentiment+regime+stochrsi+obv+vsa,,momentum+mean_reversion+sentiment+regime+stochrsi+obv+vsa,0.236745662979989,
TSLA,2025-07-24T19:21:51.942566+00:00,306.13,,,60,buy,momentum+mean_reversion+sentiment+regime+stochrsi+obv+vsa,,momentum+mean_reversion+sentiment+regime+stochrsi+obv+vsa,0.15822649063264893,
0adf0478-5a0e-4ad4-a067-91e48b6548c2,2025-07-24T19:22:13.957554+00:00,TSLA,sell,15,306.08,,"{'status': <OrderStatus.FILLED: 'filled'>, 'mode': 'LIVE'}",
70f915de-f677-4781-aa43-b679d221a870,2025-07-24T19:22:54.504048+00:00,MSFT,buy,11,511.94,,"{'status': <OrderStatus.FILLED: 'filled'>, 'mode': 'LIVE'}",
MSFT,2025-07-24T19:22:54.505670+00:00,511.91,,,23,buy,momentum+mean_reversion+sentiment+regime+stochrsi+obv+vsa,,momentum+mean_reversion+sentiment+regime+stochrsi+obv+vsa,0.13794127163172895,
629b5046-42c0-4ea7-9c16-882e52da7f3a,2025-07-24T19:23:03.185503+00:00,GOOGL,buy,83,192.92,,"{'status': <OrderStatus.FILLED: 'filled'>, 'mode': 'LIVE'}",
GOOGL,2025-07-24T19:23:03.187164+00:00,192.89,,,166,buy,momentum+mean_reversion+sentiment+regime+stochrsi+obv+vsa,,momentum+mean_reversion+sentiment+regime+stochrsi+obv+vsa,0.45034709485513114,
39a0a209-ce68-4a24-b09f-93d1a4dc6dc6,2025-07-24T19:23:11.583578+00:00,AMZN,buy,57,232.09,,"{'status': <OrderStatus.FILLED: 'filled'>, 'mode': 'LIVE'}",
AMZN,2025-07-24T19:23:11.584229+00:00,232.04,,,115,buy,momentum+mean_reversion+sentiment+regime+stochrsi+obv+vsa,,momentum+mean_reversion+sentiment+regime+stochrsi+obv+vsa,0.17436500496646196,
c052867a-f57d-4df6-9861-233c2ec6b9fd,2025-07-24T19:28:53.174267+00:00,TSLA,buy,30,306.24,,"{'status': <OrderStatus.FILLED: 'filled'>, 'mode': 'LIVE'}",
TSLA,2025-07-24T19:28:53.175006+00:00,306.17,,,60,buy,momentum+mean_reversion+sentiment+regime+stochrsi+obv+vsa,,momentum+mean_reversion+sentiment+regime+stochrsi+obv+vsa,0.8166050174313039,
78159f5c-222f-432f-a0c2-3be8cb9ec0fa,2025-07-24T19:29:03.472139+00:00,GOOGL,buy,83,193.035904,,"{'status': <OrderStatus.FILLED: 'filled'>, 'mode': 'LIVE'}",
GOOGL,2025-07-24T19:29:03.474082+00:00,193.09,,,167,buy,momentum+mean_reversion+sentiment+regime+stochrsi+obv+vsa,,momentum+mean_reversion+sentiment+regime+stochrsi+obv+vsa,0.6971406927486969,
9dcfe696-aa04-4b2d-9e1d-dbafe5f9340a,2025-07-24T19:30:05.498027+00:00,MSFT,buy,11,511.67,,"{'status': <OrderStatus.FILLED: 'filled'>, 'mode': 'LIVE'}",
MSFT,2025-07-24T19:30:05.498707+00:00,511.66,,,22,buy,momentum+mean_reversion+sentiment+regime+stochrsi+obv+vsa,,momentum+mean_reversion+sentiment+regime+stochrsi+obv+vsa,0.31568624430725595,
AMZN,2025-07-24T19:30:16.058306+00:00,231.98,,,110,buy,momentum+mean_reversion+sentiment+regime+stochrsi+obv+vsa,,momentum+mean_reversion+sentiment+regime+stochrsi+obv+vsa,0.2276698963834742,
TSLA,2025-07-24T19:34:05.507442+00:00,307.03,,,60,buy,momentum+mean_reversion+sentiment+regime+stochrsi+obv+vsa,,momentum+mean_reversion+sentiment+regime+stochrsi+obv+vsa,0.40826775753774286,
f40b2b32-b17e-416c-bb16-ddb77276fb2f,2025-07-24T19:34:16.033527+00:00,GOOGL,buy,83,192.94,,"{'status': <OrderStatus.FILLED: 'filled'>, 'mode': 'LIVE'}",
GOOGL,2025-07-24T19:34:16.034347+00:00,192.93,,,167,buy,momentum+mean_reversion+sentiment+regime+stochrsi+obv+vsa,,momentum+mean_reversion+sentiment+regime+stochrsi+obv+vsa,0.6607114306202155,
e379402d-5363-4064-acd7-ceda99cc544e,2025-07-24T19:34:33.462041+00:00,TSLA,sell,15,307.13,,"{'status': <OrderStatus.FILLED: 'filled'>, 'mode': 'LIVE'}",
be003965-7aa9-44f5-a418-64ba7b9484fa,2025-07-24T19:37:13.210339+00:00,AMZN,buy,58,232.15,,"{'status': <OrderStatus.FILLED: 'filled'>, 'mode': 'LIVE'}",
AMZN,2025-07-24T19:37:13.210995+00:00,232.18,,,116,buy,momentum+mean_reversion+sentiment+regime+stochrsi+obv+vsa,,momentum+mean_reversion+sentiment+regime+stochrsi+obv+vsa,0.25245770290213143,
MSFT,2025-07-24T19:38:15.836258+00:00,511.75,,,21,buy,momentum+mean_reversion+sentiment+regime+stochrsi+obv+vsa,,momentum+mean_reversion+sentiment+regime+stochrsi+obv+vsa,0.138024973254719,
f742868f-89e1-40f0-b25f-4b7f8ca0f92e,2025-07-24T19:40:15.625825+00:00,GOOGL,buy,83,192.58,,"{'status': <OrderStatus.FILLED: 'filled'>, 'mode': 'LIVE'}",
GOOGL,2025-07-24T19:40:15.626573+00:00,192.62,,,167,buy,momentum+mean_reversion+sentiment+regime+stochrsi+obv+vsa,,momentum+mean_reversion+sentiment+regime+stochrsi+obv+vsa,0.4981544966819498,
7a852f9c-e5fd-4679-b3fe-36a0ffdce71b,2025-07-24T19:42:11.558277+00:00,TSLA,buy,30,306.46,,"{'status': <OrderStatus.FILLED: 'filled'>, 'mode': 'LIVE'}",
TSLA,2025-07-24T19:42:11.560414+00:00,306.735,,,60,buy,momentum+mean_reversion+sentiment+regime+stochrsi+obv+vsa,,momentum+mean_reversion+sentiment+regime+stochrsi+obv+vsa,0.32548957596202144,
b65891a3-d610-4bfd-beca-a1be6f3cef1c,2025-07-24T19:43:22.014988+00:00,AMZN,buy,1,232.22,,"{'status': <OrderStatus.FILLED: 'filled'>, 'mode': 'LIVE'}",
AMZN,2025-07-24T19:43:22.015797+00:00,232.165,,,115,buy,momentum+mean_reversion+sentiment+regime+stochrsi+obv+vsa,,momentum+mean_reversion+sentiment+regime+stochrsi+obv+vsa,0.3237420206627431,
GOOGL,2025-07-24T19:46:18.579761+00:00,192.06,,,168,buy,momentum+mean_reversion+sentiment+regime+stochrsi+obv+vsa,,momentum+mean_reversion+sentiment+regime+stochrsi+obv+vsa,0.4418333820704442,
TSLA,2025-07-24T19:47:20.579408+00:00,306.345,,,49,buy,momentum+mean_reversion+sentiment+regime+stochrsi+obv+vsa,,momentum+mean_reversion+sentiment+regime+stochrsi+obv+vsa,0.6740844987458545,
3aaa2d0d-6b20-4752-a281-729e46cfc25a,2025-07-24T19:47:29.024446+00:00,MSFT,buy,9,511.77,,"{'status': <OrderStatus.FILLED: 'filled'>, 'mode': 'LIVE'}",
MSFT,2025-07-24T19:47:29.025280+00:00,511.63,,,19,buy,momentum+mean_reversion+sentiment+regime+stochrsi+obv+vsa,,momentum+mean_reversion+sentiment+regime+stochrsi+obv+vsa,0.25118053316060607,
40c38c76-8beb-4482-a97a-a69d0df5182e,2025-07-24T19:49:28.430133+00:00,AMZN,buy,58,232.14,,"{'status': <OrderStatus.FILLED: 'filled'>, 'mode': 'LIVE'}",
AMZN,2025-07-24T19:49:28.431000+00:00,232.15,,,116,buy,momentum+mean_reversion+sentiment+regime+stochrsi+obv+vsa,,momentum+mean_reversion+sentiment+regime+stochrsi+obv+vsa,0.49381384302229825,
83e35c09-cf6b-435c-bf94-e63e9fbeb117,2025-07-24T19:52:22.897204+00:00,GOOGL,buy,84,192.27,,"{'status': <OrderStatus.FILLED: 'filled'>, 'mode': 'LIVE'}",
GOOGL,2025-07-24T19:52:22.897801+00:00,192.23,,,168,buy,momentum+mean_reversion+sentiment+regime+stochrsi+obv+vsa,,momentum+mean_reversion+sentiment+regime+stochrsi+obv+vsa,0.6371123910402237,
fa2690b5-ca71-4656-a7c2-0504d717baca,2025-07-24T19:53:23.123712+00:00,TSLA,buy,24,305.55,,"{'status': <OrderStatus.FILLED: 'filled'>, 'mode': 'LIVE'}",
TSLA,2025-07-24T19:53:23.124589+00:00,305.75,,,49,buy,momentum+mean_reversion+sentiment+regime+stochrsi+obv+vsa,,momentum+mean_reversion+sentiment+regime+stochrsi+obv+vsa,0.6190711569956877,
328fc487-864e-41f4-92cd-4ba5d0390020,2025-07-24T19:54:24.722642+00:00,MSFT,buy,11,511.51,,"{'status': <OrderStatus.FILLED: 'filled'>, 'mode': 'LIVE'}",
MSFT,2025-07-24T19:54:24.723442+00:00,511.795,,,23,buy,momentum+mean_reversion+sentiment+regime+stochrsi+obv+vsa,,momentum+mean_reversion+sentiment+regime+stochrsi+obv+vsa,0.3678879133516895,
2da39eea-49f2-4d57-9d4b-bb89a7f81a98,2025-07-24T19:56:28.033190+00:00,AMZN,buy,57,232.36,,"{'status': <OrderStatus.FILLED: 'filled'>, 'mode': 'LIVE'}",
AMZN,2025-07-24T19:56:28.034028+00:00,232.29,,,115,buy,momentum+mean_reversion+sentiment+regime+stochrsi+obv+vsa,,momentum+mean_reversion+sentiment+regime+stochrsi+obv+vsa,0.44733815116337255,
GOOGL,2025-07-24T19:57:31.710033+00:00,192.325,,,168,buy,momentum+mean_reversion+sentiment+regime+stochrsi+obv+vsa,,momentum+mean_reversion+sentiment+regime+stochrsi+obv+vsa,0.5529113817271871,
MSFT,2025-07-24T19:58:48.862630+00:00,511.33,,,23,buy,momentum+mean_reversion+sentiment+regime+stochrsi+obv+vsa,,momentum+mean_reversion+sentiment+regime+stochrsi+obv+vsa,0.5550896441408334,
48b893c5-8e21-4ffa-9af5-e61ec3712db9,2025-07-24T19:58:58.832070+00:00,GOOGL,buy,84,192.32,,"{'status': <OrderStatus.FILLED: 'filled'>, 'mode': 'LIVE'}",
GOOGL,2025-07-24T19:58:58.835577+00:00,192.32,,,168,buy,momentum+mean_reversion+sentiment+regime+stochrsi+obv+vsa,,momentum+mean_reversion+sentiment+regime+stochrsi+obv+vsa,0.44622280604053066,
28e34b33-560d-493b-a057-1dc7f7fa2052,2025-07-25T16:25:52.727542+00:00,MSFT,buy,72,514.33,,"{'status': <OrderStatus.FILLED: 'filled'>, 'mode': 'LIVE'}",
d8b00bf0-b5d9-417c-8738-15982e08c035,2025-07-25T16:26:51.433387+00:00,TSLA,buy,139,323.54,,"{'status': <OrderStatus.FILLED: 'filled'>, 'mode': 'LIVE'}",
765e2479-9a7a-4d58-81a2-f0b7425fcca5,2025-07-25T17:24:22.162369+00:00,TSLA,buy,141,318.20539,,"{'status': <OrderStatus.FILLED: 'filled'>, 'mode': 'LIVE'}",
97c133f3-dcb1-4375-b4cd-8fc5923dd1d9,2025-07-25T17:42:39.113942+00:00,MSFT,buy,11,515.73,,"{'status': <OrderStatus.FILLED: 'filled'>, 'mode': 'LIVE'}",
MSFT,2025-07-25T17:42:39.116557+00:00,515.51,,,23,buy,momentum+mean_reversion+sentiment+regime+stochrsi+obv+vsa,,momentum+mean_reversion+sentiment+regime+stochrsi+obv+vsa,1.0,
7c724550-c930-4af7-b580-8a774c5d2af8,2025-07-25T17:42:49.031472+00:00,GOOGL,buy,34,193.2,,"{'status': <OrderStatus.FILLED: 'filled'>, 'mode': 'LIVE'}",
GOOGL,2025-07-25T17:42:49.298821+00:00,193.22,,,164,buy,momentum+mean_reversion+sentiment+regime+stochrsi+obv+vsa,,momentum+mean_reversion+sentiment+regime+stochrsi+obv+vsa,1.0,
3e07ef68-cab4-42a5-a0b5-59e023ec24dc,2025-07-25T17:42:58.317117+00:00,AMZN,buy,23,231.8,,"{'status': <OrderStatus.FILLED: 'filled'>, 'mode': 'LIVE'}",
AMZN,2025-07-25T17:42:58.714643+00:00,231.715,,,113,buy,momentum+mean_reversion+sentiment+regime+stochrsi+obv+vsa,,momentum+mean_reversion+sentiment+regime+stochrsi+obv+vsa,1.0,
TSLA,2025-07-25T17:43:51.710065+00:00,317.53,,,62,buy,momentum+mean_reversion+sentiment+regime+stochrsi+obv+vsa,,momentum+mean_reversion+sentiment+regime+stochrsi+obv+vsa,1.0,
MSFT,2025-07-25T17:48:26.707782+00:00,516.33,,,23,buy,momentum+mean_reversion+sentiment+regime+stochrsi+obv+vsa,,momentum+mean_reversion+sentiment+regime+stochrsi+obv+vsa,1.0,
GOOGL,2025-07-25T17:48:36.602097+00:00,193.01,,,164,buy,momentum+mean_reversion+sentiment+regime+stochrsi+obv+vsa,,momentum+mean_reversion+sentiment+regime+stochrsi+obv+vsa,1.0,
60afc148-f193-431f-8daa-034350639a70,2025-07-25T17:48:44.760541+00:00,AMZN,buy,56,231.79,,"{'status': <OrderStatus.FILLED: 'filled'>, 'mode': 'LIVE'}",
AMZN,2025-07-25T17:48:44.762538+00:00,231.81,,,113,buy,momentum+mean_reversion+sentiment+regime+stochrsi+obv+vsa,,momentum+mean_reversion+sentiment+regime+stochrsi+obv+vsa,1.0,
ad3bd178-d1d8-4e2c-8bbf-e5fa72ca5822,2025-07-25T17:49:34.706430+00:00,TSLA,buy,29,317.710689,,"{'status': <OrderStatus.FILLED: 'filled'>, 'mode': 'LIVE'}",
TSLA,2025-07-25T17:49:34.708398+00:00,317.63,,,58,buy,momentum+mean_reversion+sentiment+regime+stochrsi+obv+vsa,,momentum+mean_reversion+sentiment+regime+stochrsi+obv+vsa,1.0,
83530c1a-9c06-4365-866a-c1c41de5f261,2025-07-25T17:54:09.454231+00:00,MSFT,buy,11,516.62,,"{'status': <OrderStatus.FILLED: 'filled'>, 'mode': 'LIVE'}",
MSFT,2025-07-25T17:54:09.456509+00:00,516.575,,,23,buy,momentum+mean_reversion+sentiment+regime+stochrsi+obv+vsa,,momentum+mean_reversion+sentiment+regime+stochrsi+obv+vsa,1.0,
3fbcefad-7daa-45e7-bc03-28886df6251a,2025-07-25T17:54:17.263324+00:00,GOOGL,buy,82,192.82,,"{'status': <OrderStatus.FILLED: 'filled'>, 'mode': 'LIVE'}",
GOOGL,2025-07-25T17:54:17.265323+00:00,192.83,,,164,buy,momentum+mean_reversion+sentiment+regime+stochrsi+obv+vsa,,momentum+mean_reversion+sentiment+regime+stochrsi+obv+vsa,1.0,
6aa68398-e016-43d8-9a4e-4c8dd9220260,2025-07-25T17:55:08.561579+00:00,TSLA,buy,28,316.89,,"{'status': <OrderStatus.FILLED: 'filled'>, 'mode': 'LIVE'}",
TSLA,2025-07-25T17:55:08.562549+00:00,316.67,,,57,buy,momentum+mean_reversion+sentiment+regime+stochrsi+obv+vsa,,momentum+mean_reversion+sentiment+regime+stochrsi+obv+vsa,1.0,
faecc129-9a03-45d9-9f2a-281db7c4b86a,2025-07-25T17:57:31.584431+00:00,AMZN,buy,56,231.85,,"{'status': <OrderStatus.FILLED: 'filled'>, 'mode': 'LIVE'}",
AMZN,2025-07-25T17:57:31.586232+00:00,231.78,,,113,buy,momentum+mean_reversion+sentiment+regime+stochrsi+obv+vsa,,momentum+mean_reversion+sentiment+regime+stochrsi+obv+vsa,1.0,
MSFT,2025-07-25T17:59:51.354979+00:00,517.035,,,23,buy,momentum+mean_reversion+sentiment+regime+stochrsi+obv+vsa,,momentum+mean_reversion+sentiment+regime+stochrsi+obv+vsa,1.0,
134f3a34-7a8f-4e12-aa47-fa2602551007,2025-07-25T17:59:59.222209+00:00,GOOGL,buy,82,192.81,,"{'status': <OrderStatus.FILLED: 'filled'>, 'mode': 'LIVE'}",
GOOGL,2025-07-25T17:59:59.224384+00:00,192.905,,,164,buy,momentum+mean_reversion+sentiment+regime+stochrsi+obv+vsa,,momentum+mean_reversion+sentiment+regime+stochrsi+obv+vsa,1.0,
bfe69cca-9f5f-4e86-b5fd-2ab21757c084,2025-07-25T18:00:49.775007+00:00,TSLA,buy,31,316.77,,"{'status': <OrderStatus.FILLED: 'filled'>, 'mode': 'LIVE'}",
TSLA,2025-07-25T18:00:49.776492+00:00,316.85,,,62,buy,momentum+mean_reversion+sentiment+regime+stochrsi+obv+vsa,,momentum+mean_reversion+sentiment+regime+stochrsi+obv+vsa,1.0,
04c4f5e4-5828-42e9-a1d9-4dcf6a27ddcd,2025-07-25T18:06:10.690736+00:00,TSLA,buy,31,315.76,,"{'status': <OrderStatus.FILLED: 'filled'>, 'mode': 'LIVE'}",
TSLA,2025-07-25T18:06:10.693289+00:00,315.68,,,63,buy,momentum+mean_reversion+sentiment+regime+stochrsi+obv+vsa,,momentum+mean_reversion+sentiment+regime+stochrsi+obv+vsa,1.0,
a1a42c52-3153-4588-9cef-9895b4d41d40,2025-07-25T18:07:05.182633+00:00,GOOGL,buy,82,192.92,,"{'status': <OrderStatus.FILLED: 'filled'>, 'mode': 'LIVE'}",
GOOGL,2025-07-25T18:07:05.184376+00:00,192.91,,,164,buy,momentum+mean_reversion+sentiment+regime+stochrsi+obv+vsa,,momentum+mean_reversion+sentiment+regime+stochrsi+obv+vsa,1.0,
AMZN,2025-07-25T18:07:14.471488+00:00,231.67,,,113,buy,momentum+mean_reversion+sentiment+regime+stochrsi+obv+vsa,,momentum+mean_reversion+sentiment+regime+stochrsi+obv+vsa,1.0,
MSFT,2025-07-25T18:08:06.645934+00:00,517.49,,,18,buy,momentum+mean_reversion+sentiment+regime+stochrsi+obv+vsa,,momentum+mean_reversion+sentiment+regime+stochrsi+obv+vsa,1.0,
f559ca66-8ed3-4de8-81e9-be786e7568db,2025-07-25T18:11:53.645353+00:00,TSLA,buy,31,316.155806,,"{'status': <OrderStatus.FILLED: 'filled'>, 'mode': 'LIVE'}",
TSLA,2025-07-25T18:11:53.646099+00:00,315.53,,,63,buy,momentum+mean_reversion+sentiment+regime+stochrsi+obv+vsa,,momentum+mean_reversion+sentiment+regime+stochrsi+obv+vsa,1.0,
5804fed3-54d9-40a9-8a56-3a164c3c5f18,2025-07-25T18:12:47.882599+00:00,GOOGL,buy,82,192.99,,"{'status': <OrderStatus.FILLED: 'filled'>, 'mode': 'LIVE'}",
GOOGL,2025-07-25T18:12:47.883369+00:00,193.04,,,164,buy,momentum+mean_reversion+sentiment+regime+stochrsi+obv+vsa,,momentum+mean_reversion+sentiment+regime+stochrsi+obv+vsa,1.0,
72c50c34-01e1-4643-99e5-cef291718720,2025-07-25T18:12:55.579272+00:00,AMZN,buy,52,231.46,,"{'status': <OrderStatus.FILLED: 'filled'>, 'mode': 'LIVE'}",
AMZN,2025-07-25T18:12:55.955102+00:00,231.475,,,113,buy,momentum+mean_reversion+sentiment+regime+stochrsi+obv+vsa,,momentum+mean_reversion+sentiment+regime+stochrsi+obv+vsa,1.0,
MSFT,2025-07-25T18:15:17.093662+00:00,517.22,,,23,buy,momentum+mean_reversion+sentiment+regime+stochrsi+obv+vsa,,momentum+mean_reversion+sentiment+regime+stochrsi+obv+vsa,1.0,
4d48f933-42b5-4c45-81ab-c070bc6dae04,2025-07-25T18:17:37.679625+00:00,TSLA,buy,14,317.361429,,"{'status': <OrderStatus.FILLED: 'filled'>, 'mode': 'LIVE'}",
TSLA,2025-07-25T18:17:38.059135+00:00,317.21,,,62,buy,momentum+mean_reversion+sentiment+regime+stochrsi+obv+vsa,,momentum+mean_reversion+sentiment+regime+stochrsi+obv+vsa,1.0,
f41c6dab-61c2-483f-a2ee-4f10e564ff6c,2025-07-25T18:18:31.075381+00:00,GOOGL,buy,78,193.2,,"{'status': <OrderStatus.FILLED: 'filled'>, 'mode': 'LIVE'}",
GOOGL,2025-07-25T18:18:31.077364+00:00,193.15,,,157,buy,momentum+mean_reversion+sentiment+regime+stochrsi+obv+vsa,,momentum+mean_reversion+sentiment+regime+stochrsi+obv+vsa,1.0,
91bcdc2f-f64a-49c6-b36b-716fc5efbea0,2025-07-25T18:20:09.156458+00:00,AMZN,buy,56,231.75,,"{'status': <OrderStatus.FILLED: 'filled'>, 'mode': 'LIVE'}",
AMZN,2025-07-25T18:20:09.158039+00:00,231.71,,,113,buy,momentum+mean_reversion+sentiment+regime+stochrsi+obv+vsa,,momentum+mean_reversion+sentiment+regime+stochrsi+obv+vsa,1.0,
MSFT,2025-07-25T18:21:01.075477+00:00,517.33,,,22,buy,momentum+mean_reversion+sentiment+regime+stochrsi+obv+vsa,,momentum+mean_reversion+sentiment+regime+stochrsi+obv+vsa,1.0,
TSLA,2025-07-25T18:23:22.695349+00:00,318.02,,,62,buy,momentum+mean_reversion+sentiment+regime+stochrsi+obv+vsa,,momentum+mean_reversion+sentiment+regime+stochrsi+obv+vsa,1.0,
314095a7-1e0f-47e1-b5dc-bcaa9104cf28,2025-07-25T18:24:16.215426+00:00,GOOGL,buy,62,193.24,,"{'status': <OrderStatus.FILLED: 'filled'>, 'mode': 'LIVE'}",
GOOGL,2025-07-25T18:24:16.635648+00:00,193.22,,,164,buy,momentum+mean_reversion+sentiment+regime+stochrsi+obv+vsa,,momentum+mean_reversion+sentiment+regime+stochrsi+obv+vsa,1.0,
MSFT,2025-07-25T18:26:38.294998+00:00,517.385,,,23,buy,momentum+mean_reversion+sentiment+regime+stochrsi+obv+vsa,,momentum+mean_reversion+sentiment+regime+stochrsi+obv+vsa,1.0,
TSLA,2025-07-25T18:27:29.229508+00:00,318.345,,,62,buy,momentum+mean_reversion+sentiment+regime+stochrsi+obv+vsa,,momentum+mean_reversion+sentiment+regime+stochrsi+obv+vsa,2.5805556075362275,
1c568065-fbfc-4181-ab52-ec0a2641e436,2025-07-25T18:27:38.337324+00:00,MSFT,buy,11,517.21,,"{'status': <OrderStatus.FILLED: 'filled'>, 'mode': 'LIVE'}",
MSFT,2025-07-25T18:27:38.339517+00:00,516.95,,,23,buy,momentum+mean_reversion+sentiment+regime+stochrsi+obv+vsa,,momentum+mean_reversion+sentiment+regime+stochrsi+obv+vsa,2.2687687191447905,
377b460f-6e6a-45bc-8d33-710d015b1ce5,2025-07-25T18:28:44.337781+00:00,TSLA,buy,64,318.200625,,"{'status': <OrderStatus.FILLED: 'filled'>, 'mode': 'LIVE'}",
dd7a145a-5c93-477b-a516-366dca1868f9,2025-07-25T18:30:58.636547+00:00,GOOGL,buy,81,193.37,,"{'status': <OrderStatus.FILLED: 'filled'>, 'mode': 'LIVE'}",
GOOGL,2025-07-25T18:30:58.638345+00:00,193.33,,,163,buy,momentum+mean_reversion+sentiment+regime+stochrsi+obv+vsa,,momentum+mean_reversion+sentiment+regime+stochrsi+obv+vsa,2.8543256486067925,
e2fb05fd-ead2-4550-8129-7d38cc859688,2025-07-25T18:32:36.881726+00:00,AMZN,buy,56,231.84,,"{'status': <OrderStatus.FILLED: 'filled'>, 'mode': 'LIVE'}",
AMZN,2025-07-25T18:32:36.884130+00:00,231.86,,,113,buy,momentum+mean_reversion+sentiment+regime+stochrsi+obv+vsa,,momentum+mean_reversion+sentiment+regime+stochrsi+obv+vsa,3.287014390228491,
TSLA,2025-07-25T18:33:26.753051+00:00,317.93,,,54,buy,momentum+mean_reversion+sentiment+regime+stochrsi+obv+vsa,,momentum+mean_reversion+sentiment+regime+stochrsi+obv+vsa,2.7737022322859364,
302b8b4f-7125-4cf9-8cbc-9174c4c1bae3,2025-07-25T18:33:35.025204+00:00,MSFT,buy,10,517.58,,"{'status': <OrderStatus.FILLED: 'filled'>, 'mode': 'LIVE'}",
MSFT,2025-07-25T18:33:35.027202+00:00,517.43,,,20,buy,momentum+mean_reversion+sentiment+regime+stochrsi+obv+vsa,,momentum+mean_reversion+sentiment+regime+stochrsi+obv+vsa,1.8568105577993361,
0fa3bb12-4712-43f4-91f1-7dc4e4b8356b,2025-07-25T18:36:41.836892+00:00,GOOGL,buy,81,193.5,,"{'status': <OrderStatus.FILLED: 'filled'>, 'mode': 'LIVE'}",
GOOGL,2025-07-25T18:36:41.839112+00:00,193.515,,,163,buy,momentum+mean_reversion+sentiment+regime+stochrsi+obv+vsa,,momentum+mean_reversion+sentiment+regime+stochrsi+obv+vsa,3.0356570904606888,
7438f005-ba7f-4579-94af-4c5249fbbbc1,2025-07-25T18:39:01.475238+00:00,TSLA,buy,31,316.94,,"{'status': <OrderStatus.FILLED: 'filled'>, 'mode': 'LIVE'}",
TSLA,2025-07-25T18:39:01.477509+00:00,316.9,,,62,buy,momentum+mean_reversion+sentiment+regime+stochrsi+obv+vsa,,momentum+mean_reversion+sentiment+regime+stochrsi+obv+vsa,2.0973142193425636,
7c19b6ab-699b-42e2-93f8-308fc572032c,2025-07-25T18:39:55.210187+00:00,MSFT,buy,10,517.574,,"{'status': <OrderStatus.FILLED: 'filled'>, 'mode': 'LIVE'}",
MSFT,2025-07-25T18:39:55.212145+00:00,517.6,,,20,buy,momentum+mean_reversion+sentiment+regime+stochrsi+obv+vsa,,momentum+mean_reversion+sentiment+regime+stochrsi+obv+vsa,1.9680123494316688,
f6ea7717-a890-47e6-b461-d316a1dec003,2025-07-25T18:42:18.230918+00:00,GOOGL,buy,81,193.69,,"{'status': <OrderStatus.FILLED: 'filled'>, 'mode': 'LIVE'}",
GOOGL,2025-07-25T18:42:18.232936+00:00,193.65,,,163,buy,momentum+mean_reversion+sentiment+regime+stochrsi+obv+vsa,,momentum+mean_reversion+sentiment+regime+stochrsi+obv+vsa,2.3022911931220613,
2f8a3046-58a8-42b1-b1b7-7e6c23ec1bad,2025-07-25T18:42:25.600628+00:00,AMZN,buy,56,231.83,,"{'status': <OrderStatus.FILLED: 'filled'>, 'mode': 'LIVE'}",
AMZN,2025-07-25T18:42:25.602264+00:00,231.84,,,113,buy,momentum+mean_reversion+sentiment+regime+stochrsi+obv+vsa,,momentum+mean_reversion+sentiment+regime+stochrsi+obv+vsa,2.4674321215742276,
TSLA,2025-07-25T18:44:43.838381+00:00,316.48,,,63,buy,momentum+mean_reversion+sentiment+regime+stochrsi+obv+vsa,,momentum+mean_reversion+sentiment+regime+stochrsi+obv+vsa,2.2974465197418485,
66be8775-6c52-4bd3-89be-5f7662c485e8,2025-07-25T18:45:36.517654+00:00,MSFT,buy,11,517.65,,"{'status': <OrderStatus.FILLED: 'filled'>, 'mode': 'LIVE'}",
MSFT,2025-07-25T18:45:36.519501+00:00,517.78,,,23,buy,momentum+mean_reversion+sentiment+regime+stochrsi+obv+vsa,,momentum+mean_reversion+sentiment+regime+stochrsi+obv+vsa,3.062549768691514,
e01fe5c0-3326-433e-8f65-c82d0066e2a6,2025-07-25T18:48:02.897177+00:00,AMZN,buy,23,231.86,,"{'status': <OrderStatus.FILLED: 'filled'>, 'mode': 'LIVE'}",
AMZN,2025-07-25T18:48:02.897909+00:00,231.845,,,113,buy,momentum+mean_reversion+sentiment+regime+stochrsi+obv+vsa,,momentum+mean_reversion+sentiment+regime+stochrsi+obv+vsa,2.043284259630018,
TSLA,2025-07-25T18:50:22.215653+00:00,316.61,,,63,buy,momentum+mean_reversion+sentiment+regime+stochrsi+obv+vsa,,momentum+mean_reversion+sentiment+regime+stochrsi+obv+vsa,2.4802408613741287,
a55b70f4-2a44-4da1-8c02-0e2d622a5fd8,2025-07-25T18:50:31.508560+00:00,GOOGL,buy,81,193.59,,"{'status': <OrderStatus.FILLED: 'filled'>, 'mode': 'LIVE'}",
GOOGL,2025-07-25T18:50:31.510628+00:00,193.55,,,163,buy,momentum+mean_reversion+sentiment+regime+stochrsi+obv+vsa,,momentum+mean_reversion+sentiment+regime+stochrsi+obv+vsa,2.5295093196255576,
MSFT,2025-07-25T18:53:37.660707+00:00,517.44,,,23,buy,momentum+mean_reversion+sentiment+regime+stochrsi+obv+vsa,,momentum+mean_reversion+sentiment+regime+stochrsi+obv+vsa,1.8763018102626645,
37670c59-007d-4edd-b324-06025a707bbe,2025-07-25T18:54:02.400560+00:00,TSLA,buy,31,315.51,,"{'status': <OrderStatus.FILLED: 'filled'>, 'mode': 'LIVE'}",
TSLA,2025-07-25T18:54:02.403597+00:00,315.43,,,63,buy,momentum+mean_reversion+sentiment+regime+stochrsi+obv+vsa,,momentum+mean_reversion+sentiment+regime+stochrsi+obv+vsa,3.5655800315233313,
b7e90398-e978-49fa-b119-5d883c245ea0,2025-07-25T18:54:12.179108+00:00,MSFT,buy,11,517.58,,"{'status': <OrderStatus.FILLED: 'filled'>, 'mode': 'LIVE'}",
MSFT,2025-07-25T18:54:12.181156+00:00,517.515,,,23,buy,momentum+mean_reversion+sentiment+regime+stochrsi+obv+vsa,,momentum+mean_reversion+sentiment+regime+stochrsi+obv+vsa,1.7662675027730457,
GOOGL,2025-07-25T18:54:21.730673+00:00,193.67,,,163,buy,momentum+mean_reversion+sentiment+regime+stochrsi+obv+vsa,,momentum+mean_reversion+sentiment+regime+stochrsi+obv+vsa,1.4959608354457026,
2e847e08-3b18-4538-8d58-d9b0a4ea03b9,2025-07-25T18:56:10.169037+00:00,AMZN,buy,29,231.84,,"{'status': <OrderStatus.FILLED: 'filled'>, 'mode': 'LIVE'}",
AMZN,2025-07-25T18:56:10.170621+00:00,231.87,,,58,buy,momentum+mean_reversion+sentiment+regime+stochrsi+obv+vsa,,momentum+mean_reversion+sentiment+regime+stochrsi+obv+vsa,1.9264257475686444,
0f5e7f85-6c28-4b33-87de-d14c1385eef0,2025-07-25T18:59:12.385885+00:00,TSLA,buy,31,314.97,,"{'status': <OrderStatus.FILLED: 'filled'>, 'mode': 'LIVE'}",
TSLA,2025-07-25T18:59:12.387815+00:00,314.86,,,63,buy,momentum+mean_reversion+sentiment+regime+stochrsi+obv+vsa,,momentum+mean_reversion+sentiment+regime+stochrsi+obv+vsa,3.0441099344317077,
189ba11a-0067-4633-bb11-24424d7b3686,2025-07-25T18:59:20.614145+00:00,MSFT,buy,11,517.41,,"{'status': <OrderStatus.FILLED: 'filled'>, 'mode': 'LIVE'}",
MSFT,2025-07-25T18:59:20.616118+00:00,517.49,,,23,buy,momentum+mean_reversion+sentiment+regime+stochrsi+obv+vsa,,momentum+mean_reversion+sentiment+regime+stochrsi+obv+vsa,1.8097674895823357,
ed350441-9fe4-4cf0-9978-6170c86e7138,2025-07-25T18:59:28.690167+00:00,GOOGL,buy,81,193.34,,"{'status': <OrderStatus.FILLED: 'filled'>, 'mode': 'LIVE'}",
GOOGL,2025-07-25T18:59:28.692369+00:00,193.485,,,163,buy,momentum+mean_reversion+sentiment+regime+stochrsi+obv+vsa,,momentum+mean_reversion+sentiment+regime+stochrsi+obv+vsa,2.695298008305778,
9fc0ccb7-5229-4fd2-8095-0bd33d4e044e,2025-07-25T19:01:50.117188+00:00,AMZN,buy,56,231.84,,"{'status': <OrderStatus.FILLED: 'filled'>, 'mode': 'LIVE'}",
AMZN,2025-07-25T19:01:50.118989+00:00,231.795,,,113,buy,momentum+mean_reversion+sentiment+regime+stochrsi+obv+vsa,,momentum+mean_reversion+sentiment+regime+stochrsi+obv+vsa,2.4666680533574756,
156c7277-c1a0-4fb7-8b94-bf075981e833,2025-07-25T19:04:52.541046+00:00,TSLA,buy,31,315.22,,"{'status': <OrderStatus.FILLED: 'filled'>, 'mode': 'LIVE'}",
TSLA,2025-07-25T19:04:52.542765+00:00,315.53,,,63,buy,momentum+mean_reversion+sentiment+regime+stochrsi+obv+vsa,,momentum+mean_reversion+sentiment+regime+stochrsi+obv+vsa,1.7120120607750275,
MSFT,2025-07-25T19:05:01.506570+00:00,517.1,,,23,buy,momentum+mean_reversion+sentiment+regime+stochrsi+obv+vsa,,momentum+mean_reversion+sentiment+regime+stochrsi+obv+vsa,2.020235963729777,
0a879133-39dd-4dfd-8426-0d5c419c57d0,2025-07-25T19:08:11.503257+00:00,GOOGL,buy,81,193.1,,"{'status': <OrderStatus.FILLED: 'filled'>, 'mode': 'LIVE'}",
GOOGL,2025-07-25T19:08:11.505283+00:00,193.11,,,163,buy,momentum+mean_reversion+sentiment+regime+stochrsi+obv+vsa,,momentum+mean_reversion+sentiment+regime+stochrsi+obv+vsa,2.4432707763034376,
953af661-a474-467a-9946-76027a294297,2025-07-25T19:08:19.277627+00:00,AMZN,buy,56,231.76,,"{'status': <OrderStatus.FILLED: 'filled'>, 'mode': 'LIVE'}",
AMZN,2025-07-25T19:08:19.280141+00:00,231.745,,,113,buy,momentum+mean_reversion+sentiment+regime+stochrsi+obv+vsa,,momentum+mean_reversion+sentiment+regime+stochrsi+obv+vsa,2.9966934365807014,
84b87fe9-55b0-415b-80b2-fbc1e79ea722,2025-07-25T19:10:37.127388+00:00,TSLA,buy,31,315.793549,,"{'status': <OrderStatus.FILLED: 'filled'>, 'mode': 'LIVE'}",
TSLA,2025-07-25T19:10:37.128080+00:00,315.32,,,63,buy,momentum+mean_reversion+sentiment+regime+stochrsi+obv+vsa,,momentum+mean_reversion+sentiment+regime+stochrsi+obv+vsa,1.7868906208896433,
09f08113-9ee5-4d5d-a109-46937d942ee7,2025-07-25T19:12:15.718132+00:00,MSFT,buy,11,517.04,,"{'status': <OrderStatus.FILLED: 'filled'>, 'mode': 'LIVE'}",
MSFT,2025-07-25T19:12:15.720176+00:00,517.045,,,23,buy,momentum+mean_reversion+sentiment+regime+stochrsi+obv+vsa,,momentum+mean_reversion+sentiment+regime+stochrsi+obv+vsa,1.8106490549711638,
ecc9dc39-9212-4a07-97b6-0079239522e2,2025-07-25T19:15:25.006370+00:00,GOOGL,buy,81,193.231975,,"{'status': <OrderStatus.FILLED: 'filled'>, 'mode': 'LIVE'}",
GOOGL,2025-07-25T19:15:25.008107+00:00,193.27,,,163,buy,momentum+mean_reversion+sentiment+regime+stochrsi+obv+vsa,,momentum+mean_reversion+sentiment+regime+stochrsi+obv+vsa,1.5103883831051301,
bee21162-47c4-4900-850c-fcb800f3075b,2025-07-25T19:16:16.154770+00:00,TSLA,buy,28,315.318214,,"{'status': <OrderStatus.FILLED: 'filled'>, 'mode': 'LIVE'}",
TSLA,2025-07-25T19:16:16.155517+00:00,315.0,,,56,buy,momentum+mean_reversion+sentiment+regime+stochrsi+obv+vsa,,momentum+mean_reversion+sentiment+regime+stochrsi+obv+vsa,2.3340561126345505,
TSLA,2025-07-25T19:16:42.862676+00:00,315.235,,,62,buy,momentum+mean_reversion+sentiment+regime+stochrsi+obv+vsa,,momentum+mean_reversion+sentiment+regime+stochrsi+obv+vsa,2.6590013612783716,
12b72ceb-f450-41ee-9ff1-5be1a500d2b1,2025-07-25T19:16:52.039899+00:00,MSFT,buy,11,516.97,,"{'status': <OrderStatus.FILLED: 'filled'>, 'mode': 'LIVE'}",
MSFT,2025-07-25T19:16:52.044408+00:00,516.955,,,22,buy,momentum+mean_reversion+sentiment+regime+stochrsi+obv+vsa,,momentum+mean_reversion+sentiment+regime+stochrsi+obv+vsa,1.8369432577089329,
GOOGL,2025-07-25T19:17:04.087662+00:00,193.26,,,161,buy,momentum+mean_reversion+sentiment+regime+stochrsi+obv+vsa,,momentum+mean_reversion+sentiment+regime+stochrsi+obv+vsa,1.5260551300324452,
e2cacccd-5439-4688-909f-83d5accd8e72,2025-07-25T19:17:13.789934+00:00,AMZN,buy,28,231.75,,"{'status': <OrderStatus.FILLED: 'filled'>, 'mode': 'LIVE'}",
AMZN,2025-07-25T19:17:14.231773+00:00,231.69,,,111,buy,momentum+mean_reversion+sentiment+regime+stochrsi+obv+vsa,,momentum+mean_reversion+sentiment+regime+stochrsi+obv+vsa,2.5895722815064204,
c37d22b9-9ab0-46aa-a4a1-f10603bf9206,2025-07-25T19:18:15.996161+00:00,TSLA,buy,142,315.61,,"{'status': <OrderStatus.FILLED: 'filled'>, 'mode': 'LIVE'}",
39048bcb-a798-44cd-b16a-1b8f3a248b4f,2025-07-25T19:21:56.836568+00:00,TSLA,buy,31,315.84,,"{'status': <OrderStatus.FILLED: 'filled'>, 'mode': 'LIVE'}",
TSLA,2025-07-25T19:21:56.839014+00:00,315.65,,,63,buy,momentum+mean_reversion+sentiment+regime+stochrsi+obv+vsa,,momentum+mean_reversion+sentiment+regime+stochrsi+obv+vsa,2.063998884536487,
488fbece-dd4b-42a3-8585-6499bb1574e0,2025-07-25T19:22:50.322477+00:00,MSFT,buy,10,517.127,,"{'status': <OrderStatus.FILLED: 'filled'>, 'mode': 'LIVE'}",
MSFT,2025-07-25T19:22:50.324306+00:00,517.045,,,21,buy,momentum+mean_reversion+sentiment+regime+stochrsi+obv+vsa,,momentum+mean_reversion+sentiment+regime+stochrsi+obv+vsa,2.203394361806364,
0875bf59-1123-4c64-b05a-9d95051fd1ba,2025-07-25T19:22:58.568193+00:00,GOOGL,buy,44,193.07,,"{'status': <OrderStatus.FILLED: 'filled'>, 'mode': 'LIVE'}",
GOOGL,2025-07-25T19:22:58.992650+00:00,193.09,,,154,buy,momentum+mean_reversion+sentiment+regime+stochrsi+obv+vsa,,momentum+mean_reversion+sentiment+regime+stochrsi+obv+vsa,2.16190650557428,
22ecb547-1923-4a84-94de-f561691f9987,2025-07-25T19:23:06.483036+00:00,AMZN,buy,53,231.9,,"{'status': <OrderStatus.FILLED: 'filled'>, 'mode': 'LIVE'}",
AMZN,2025-07-25T19:23:06.483820+00:00,231.84,,,106,buy,momentum+mean_reversion+sentiment+regime+stochrsi+obv+vsa,,momentum+mean_reversion+sentiment+regime+stochrsi+obv+vsa,2.197724658777412,
66f540ce-ed0c-4b11-8bbd-6806ff36c6ff,2025-07-25T19:27:40.311529+00:00,TSLA,buy,31,313.86,,"{'status': <OrderStatus.FILLED: 'filled'>, 'mode': 'LIVE'}",
TSLA,2025-07-25T19:27:40.313793+00:00,313.99,,,63,buy,momentum+mean_reversion+sentiment+regime+stochrsi+obv+vsa,,momentum+mean_reversion+sentiment+regime+stochrsi+obv+vsa,2.8507872767680724,
1873441d-f322-4438-84ac-c6961c839087,2025-07-25T19:28:33.119779+00:00,MSFT,buy,10,516.649,,"{'status': <OrderStatus.FILLED: 'filled'>, 'mode': 'LIVE'}",
MSFT,2025-07-25T19:28:33.121672+00:00,516.66,,,21,buy,momentum+mean_reversion+sentiment+regime+stochrsi+obv+vsa,,momentum+mean_reversion+sentiment+regime+stochrsi+obv+vsa,2.315061673058748,
d9c7d355-03de-4c05-848c-5f5e49fedff8,2025-07-25T19:28:41.337774+00:00,GOOGL,buy,76,193.05,,"{'status': <OrderStatus.FILLED: 'filled'>, 'mode': 'LIVE'}",
GOOGL,2025-07-25T19:28:41.338440+00:00,193.1,,,153,buy,momentum+mean_reversion+sentiment+regime+stochrsi+obv+vsa,,momentum+mean_reversion+sentiment+regime+stochrsi+obv+vsa,1.8199164289666727,
bd23e425-41d8-49b0-ac03-8cd7bd0b6efd,2025-07-25T19:31:51.611268+00:00,AMZN,buy,56,231.77,,"{'status': <OrderStatus.FILLED: 'filled'>, 'mode': 'LIVE'}",
AMZN,2025-07-25T19:31:51.611947+00:00,231.79,,,113,buy,momentum+mean_reversion+sentiment+regime+stochrsi+obv+vsa,,momentum+mean_reversion+sentiment+regime+stochrsi+obv+vsa,2.957738038145342,
d4c94453-6544-4c0f-9a05-b368e621b333,2025-07-25T19:33:24.638952+00:00,TSLA,buy,31,314.04,,"{'status': <OrderStatus.FILLED: 'filled'>, 'mode': 'LIVE'}",
TSLA,2025-07-25T19:33:24.641294+00:00,314.42,,,63,buy,momentum+mean_reversion+sentiment+regime+stochrsi+obv+vsa,,momentum+mean_reversion+sentiment+regime+stochrsi+obv+vsa,1.8762197095108746,
3b6c5940-6eb4-405f-a59a-752547b6e950,2025-07-25T19:34:17.997220+00:00,MSFT,buy,10,516.7,,"{'status': <OrderStatus.FILLED: 'filled'>, 'mode': 'LIVE'}",
MSFT,2025-07-25T19:34:17.999397+00:00,516.71,,,21,buy,momentum+mean_reversion+sentiment+regime+stochrsi+obv+vsa,,momentum+mean_reversion+sentiment+regime+stochrsi+obv+vsa,2.025031587037677,
d5bc0dd4-6a7f-4c98-9c51-cf10a529c340,2025-07-25T19:34:25.187173+00:00,GOOGL,buy,78,193.06,,"{'status': <OrderStatus.FILLED: 'filled'>, 'mode': 'LIVE'}",
GOOGL,2025-07-25T19:34:25.187845+00:00,193.13,,,156,buy,momentum+mean_reversion+sentiment+regime+stochrsi+obv+vsa,,momentum+mean_reversion+sentiment+regime+stochrsi+obv+vsa,2.5245784635523174,
TSLA,2025-07-25T19:35:20.501411+00:00,314.11,,,62,buy,momentum+mean_reversion+sentiment+regime+stochrsi+obv+vsa,,momentum+mean_reversion+sentiment+regime+stochrsi+obv+vsa,1.840192195656268,
30c11219-ace8-4701-9b3f-bb3e4b1b6b1a,2025-07-25T19:35:36.594480+00:00,AMZN,buy,55,231.79,,"{'status': <OrderStatus.FILLED: 'filled'>, 'mode': 'LIVE'}",
AMZN,2025-07-25T19:35:36.596504+00:00,231.74,,,111,buy,momentum+mean_reversion+sentiment+regime+stochrsi+obv+vsa,,momentum+mean_reversion+sentiment+regime+stochrsi+obv+vsa,2.6863405660132256,
89a397ef-208f-4791-89ff-610523e2793f,2025-07-25T19:35:44.887457+00:00,MSFT,buy,47,516.73,,"{'status': <OrderStatus.FILLED: 'filled'>, 'mode': 'LIVE'}",
377e9364-15af-406c-9978-34482f3e3b13,2025-07-25T19:36:34.402134+00:00,MSFT,buy,10,516.802,,"{'status': <OrderStatus.FILLED: 'filled'>, 'mode': 'LIVE'}",
MSFT,2025-07-25T19:36:34.404231+00:00,516.68,,,21,buy,momentum+mean_reversion+sentiment+regime+stochrsi+obv+vsa,,momentum+mean_reversion+sentiment+regime+stochrsi+obv+vsa,1.8326103446325934,
8562a9fd-514c-4d0d-a275-d727d2dcb2c7,2025-07-25T19:36:52.041099+00:00,TSLA,buy,134,314.44,,"{'status': <OrderStatus.FILLED: 'filled'>, 'mode': 'LIVE'}",
b306f759-a772-4742-8bca-baee5c154230,2025-07-25T19:38:18.551269+00:00,GOOGL,buy,81,193.12,,"{'status': <OrderStatus.FILLED: 'filled'>, 'mode': 'LIVE'}",
GOOGL,2025-07-25T19:38:18.552802+00:00,193.11,,,163,buy,momentum+mean_reversion+sentiment+regime+stochrsi+obv+vsa,,momentum+mean_reversion+sentiment+regime+stochrsi+obv+vsa,2.4116821890463687,
3203fae2-0af8-4b62-bb78-607c81357c58,2025-07-25T19:40:38.028523+00:00,TSLA,buy,31,315.26,,"{'status': <OrderStatus.FILLED: 'filled'>, 'mode': 'LIVE'}",
TSLA,2025-07-25T19:40:38.029170+00:00,315.365,,,63,buy,momentum+mean_reversion+sentiment+regime+stochrsi+obv+vsa,,momentum+mean_reversion+sentiment+regime+stochrsi+obv+vsa,2.5525526260839237,
016964cf-cef8-42d1-9a4e-276195b565c0,2025-07-25T19:40:48.292553+00:00,AMZN,buy,56,231.93,,"{'status': <OrderStatus.FILLED: 'filled'>, 'mode': 'LIVE'}",
AMZN,2025-07-25T19:40:48.294440+00:00,231.955,,,112,buy,momentum+mean_reversion+sentiment+regime+stochrsi+obv+vsa,,momentum+mean_reversion+sentiment+regime+stochrsi+obv+vsa,3.361695713580025,
MSFT,2025-07-25T19:42:23.754956+00:00,516.28,,,23,buy,momentum+mean_reversion+sentiment+regime+stochrsi+obv+vsa,,momentum+mean_reversion+sentiment+regime+stochrsi+obv+vsa,2.226969046548818,
GOOGL,2025-07-25T19:44:02.138879+00:00,193.18,,,163,buy,momentum+mean_reversion+sentiment+regime+stochrsi+obv+vsa,,momentum+mean_reversion+sentiment+regime+stochrsi+obv+vsa,2.9941025789318734,
df701c2e-cbe7-4edf-9551-59c40843e3fe,2025-07-25T19:46:20.632247+00:00,TSLA,buy,31,315.223548,,"{'status': <OrderStatus.FILLED: 'filled'>, 'mode': 'LIVE'}",
TSLA,2025-07-25T19:46:20.634262+00:00,315.29,,,63,buy,momentum+mean_reversion+sentiment+regime+stochrsi+obv+vsa,,momentum+mean_reversion+sentiment+regime+stochrsi+obv+vsa,2.1365390830476145,
AMZN,2025-07-25T19:47:18.326048+00:00,232.025,,,110,buy,momentum+mean_reversion+sentiment+regime+stochrsi+obv+vsa,,momentum+mean_reversion+sentiment+regime+stochrsi+obv+vsa,3.552505423639246,
825dcca4-52a7-4c5e-ba2b-25d86059fdc0,2025-07-25T19:48:08.076730+00:00,MSFT,buy,9,515.88,,"{'status': <OrderStatus.FILLED: 'filled'>, 'mode': 'LIVE'}",
MSFT,2025-07-25T19:48:08.079073+00:00,515.98,,,19,buy,momentum+mean_reversion+sentiment+regime+stochrsi+obv+vsa,,momentum+mean_reversion+sentiment+regime+stochrsi+obv+vsa,3.068805767101147,
a2a6dd0a-af1a-4b5e-b262-d3383fc10285,2025-07-25T19:49:45.121602+00:00,GOOGL,buy,81,193.154938,,"{'status': <OrderStatus.FILLED: 'filled'>, 'mode': 'LIVE'}",
GOOGL,2025-07-25T19:49:45.123510+00:00,193.215,,,163,buy,momentum+mean_reversion+sentiment+regime+stochrsi+obv+vsa,,momentum+mean_reversion+sentiment+regime+stochrsi+obv+vsa,1.9502483638899812,
66d82d2a-d199-463a-9685-a32e112ac058,2025-07-25T19:52:03.652198+00:00,TSLA,buy,31,315.491935,,"{'status': <OrderStatus.FILLED: 'filled'>, 'mode': 'LIVE'}",
TSLA,2025-07-25T19:52:03.654079+00:00,315.52,,,63,buy,momentum+mean_reversion+sentiment+regime+stochrsi+obv+vsa,,momentum+mean_reversion+sentiment+regime+stochrsi+obv+vsa,2.777890651398595,
e351dda9-4499-4806-8f7c-fc50c7c53e6d,2025-07-25T19:53:41.501329+00:00,MSFT,buy,11,514.59,,"{'status': <OrderStatus.FILLED: 'filled'>, 'mode': 'LIVE'}",
MSFT,2025-07-25T19:53:41.502015+00:00,514.76,,,23,buy,momentum+mean_reversion+sentiment+regime+stochrsi+obv+vsa,,momentum+mean_reversion+sentiment+regime+stochrsi+obv+vsa,3.4047862769768322,
8e5ccc88-41fe-4032-bee3-4a2360314172,2025-07-25T19:54:35.360009+00:00,AMZN,buy,52,232.02,,"{'status': <OrderStatus.FILLED: 'filled'>, 'mode': 'LIVE'}",
AMZN,2025-07-25T19:54:35.360709+00:00,231.985,,,105,buy,momentum+mean_reversion+sentiment+regime+stochrsi+obv+vsa,,momentum+mean_reversion+sentiment+regime+stochrsi+obv+vsa,3.2684445921378598,
ecf4a43c-a437-486e-b99c-f7b7205449e0,2025-07-25T19:55:25.821125+00:00,GOOGL,buy,81,193.140123,,"{'status': <OrderStatus.FILLED: 'filled'>, 'mode': 'LIVE'}",
GOOGL,2025-07-25T19:55:25.821710+00:00,193.3,,,163,buy,momentum+mean_reversion+sentiment+regime+stochrsi+obv+vsa,,momentum+mean_reversion+sentiment+regime+stochrsi+obv+vsa,2.9385028313298927,
ee69ddf3-f4d1-4f1d-92cb-728598cd2e7b,2025-07-25T19:57:44.030271+00:00,TSLA,buy,31,316.28,,"{'status': <OrderStatus.FILLED: 'filled'>, 'mode': 'LIVE'}",
TSLA,2025-07-25T19:57:44.032144+00:00,315.97,,,63,buy,momentum+mean_reversion+sentiment+regime+stochrsi+obv+vsa,,momentum+mean_reversion+sentiment+regime+stochrsi+obv+vsa,2.813360427828017,
